/*
SQLyog Ultimate v12.09 (64 bit)
MySQL - 10.1.22-MariaDB : Database - dbr_kir
*********************************************************************
*/

/*!40101 SET NAMES utf8 */;

/*!40101 SET SQL_MODE=''*/;

/*!40014 SET @OLD_UNIQUE_CHECKS=@@UNIQUE_CHECKS, UNIQUE_CHECKS=0 */;
/*!40014 SET @OLD_FOREIGN_KEY_CHECKS=@@FOREIGN_KEY_CHECKS, FOREIGN_KEY_CHECKS=0 */;
/*!40101 SET @OLD_SQL_MODE=@@SQL_MODE, SQL_MODE='NO_AUTO_VALUE_ON_ZERO' */;
/*!40111 SET @OLD_SQL_NOTES=@@SQL_NOTES, SQL_NOTES=0 */;
CREATE DATABASE /*!32312 IF NOT EXISTS*/`dbr_kir_front` /*!40100 DEFAULT CHARACTER SET utf8 */;

USE `dbr_kir_front`;

/*Table structure for table `audit` */

DROP TABLE IF EXISTS `audit`;

CREATE TABLE `audit` (
  `id` int(11) NOT NULL AUTO_INCREMENT,
  `id_divisions` int(11) DEFAULT NULL,
  `date1` date DEFAULT NULL,
  `assets` double DEFAULT NULL,
  `assets_rate` double DEFAULT NULL,
  `management_1` double DEFAULT NULL,
  `management_2` double DEFAULT NULL,
  `management_3` double DEFAULT NULL,
  `management_rate_1` double DEFAULT NULL,
  `management_rate_2` double DEFAULT NULL,
  `management_rate_3` double DEFAULT NULL,
  `earnings` double DEFAULT NULL,
  `earnings_rate` double DEFAULT NULL,
  `turnover` double DEFAULT NULL,
  `turnover_rate` double DEFAULT NULL,
  `reglaments` double DEFAULT NULL,
  `reglaments_rate` double DEFAULT NULL,
  `projection` double DEFAULT NULL,
  `projection_rate` double DEFAULT NULL,
  `risk` double DEFAULT NULL,
  `risk_rate` double DEFAULT NULL,
  `total_rate` double DEFAULT NULL,
  PRIMARY KEY (`id`)
) ENGINE=InnoDB AUTO_INCREMENT=39 DEFAULT CHARSET=utf8;

/*Data for the table `audit` */

insert  into `audit`(`id`,`id_divisions`,`date1`,`assets`,`assets_rate`,`management_1`,`management_2`,`management_3`,`management_rate_1`,`management_rate_2`,`management_rate_3`,`earnings`,`earnings_rate`,`turnover`,`turnover_rate`,`reglaments`,`reglaments_rate`,`projection`,`projection_rate`,`risk`,`risk_rate`,`total_rate`) values (1,1,'2017-07-21',1,NULL,1,1,1,NULL,NULL,NULL,2,NULL,2,NULL,3,NULL,3,NULL,3,NULL,NULL),(2,1,'2017-07-21',1,NULL,1,1,1,NULL,NULL,NULL,2,NULL,2,NULL,3,NULL,3,NULL,3,NULL,NULL),(3,1,'2017-07-21',1,NULL,1,1,1,NULL,NULL,NULL,2,NULL,2,NULL,3,NULL,3,NULL,3,NULL,NULL),(4,11,'2017-07-24',10.9,4,52,3.4,33.6,5,4,5,5.81,1,3.68,1,2.8,1,121.08,1,3.4,3,2.25),(5,1,'2017-07-24',10.9,4,0.43,3.4,33.6,2,NULL,NULL,5.81,1,3.68,1,2.8,1,121.08,1,3.4,3,2.11),(6,0,'2017-07-24',1,1,1,1,1,4,1,1,1,3,2,1,1,1,1,5,11,5,2.58),(7,0,'2017-07-24',1,1,1,1,1,4,1,1,1,3,2,1,1,1,1,5,1,1,2.01),(8,1,'2017-07-20',1,1,1,1,1,4,1,1,1,3,2,1,1,1,1,5,1,1,2.01),(9,0,'2017-07-24',0,0,0,0,0,0,0,0,0,0,0,0,0,0,0,0,0,0,0),(11,4,'2017-07-25',1,1,1,1,1,4,1,1,1,3,1,1,1,1,1,5,1,1,2.01),(12,5,'2017-07-15',3,2,3,3,3,5,3,1,3,2,3,1,3,1,3,5,4,3,2.44),(13,9,'2017-07-25',0,0,0,0,0,0,0,0,0,0,0,0,0,0,0,0,0,0,0),(14,9,'2017-07-16',5,3,5,5,5,5,5,1,5,1,5,1,5,2,5,5,5,4,2.82),(15,NULL,NULL,NULL,NULL,NULL,NULL,NULL,NULL,NULL,NULL,NULL,NULL,NULL,NULL,NULL,NULL,NULL,NULL,NULL,NULL,NULL),(16,NULL,NULL,NULL,NULL,NULL,NULL,NULL,NULL,NULL,NULL,NULL,NULL,NULL,NULL,NULL,NULL,NULL,NULL,NULL,NULL,NULL),(17,NULL,NULL,NULL,NULL,NULL,NULL,NULL,NULL,NULL,NULL,NULL,NULL,NULL,NULL,NULL,NULL,NULL,NULL,NULL,NULL,NULL),(18,NULL,NULL,NULL,NULL,NULL,NULL,NULL,NULL,NULL,NULL,NULL,NULL,NULL,NULL,NULL,NULL,NULL,NULL,NULL,NULL,NULL),(19,NULL,NULL,NULL,NULL,NULL,NULL,NULL,NULL,NULL,NULL,NULL,NULL,NULL,NULL,NULL,NULL,NULL,NULL,NULL,NULL,NULL),(20,NULL,NULL,NULL,NULL,NULL,NULL,NULL,NULL,NULL,NULL,NULL,NULL,NULL,NULL,NULL,NULL,NULL,NULL,NULL,NULL,NULL),(21,NULL,NULL,NULL,NULL,NULL,NULL,NULL,NULL,NULL,NULL,NULL,NULL,NULL,NULL,NULL,NULL,NULL,NULL,NULL,NULL,NULL),(22,NULL,NULL,NULL,NULL,NULL,NULL,NULL,NULL,NULL,NULL,NULL,NULL,NULL,NULL,NULL,NULL,NULL,NULL,NULL,NULL,NULL),(23,NULL,NULL,NULL,NULL,NULL,NULL,NULL,NULL,NULL,NULL,NULL,NULL,NULL,NULL,NULL,NULL,NULL,NULL,NULL,NULL,NULL),(24,NULL,NULL,NULL,NULL,NULL,NULL,NULL,NULL,NULL,NULL,NULL,NULL,NULL,NULL,NULL,NULL,NULL,NULL,NULL,NULL,NULL),(25,NULL,NULL,NULL,NULL,NULL,NULL,NULL,NULL,NULL,NULL,NULL,NULL,NULL,NULL,NULL,NULL,NULL,NULL,NULL,NULL,NULL),(26,NULL,NULL,NULL,NULL,NULL,NULL,NULL,NULL,NULL,NULL,NULL,NULL,NULL,NULL,NULL,NULL,NULL,NULL,NULL,NULL,NULL),(27,NULL,NULL,NULL,NULL,NULL,NULL,NULL,NULL,NULL,NULL,NULL,NULL,NULL,NULL,NULL,NULL,NULL,NULL,NULL,NULL,NULL),(28,12,'2017-07-27',1,1,1,1,1,4,1,1,1,3,1,1,1,1,1,5,1,1,2.01),(30,0,'2017-08-02',0,0,0,0,0,0,0,0,0,0,0,0,0,0,0,0,0,0,0),(31,0,'2017-08-02',0,0,0,0,0,0,0,0,0,0,0,0,0,0,0,0,0,0,0),(32,0,'2017-08-02',0,0,0,0,0,0,0,0,0,0,0,0,0,0,0,0,0,0,0),(33,0,'2017-08-02',0,0,0,0,0,0,0,0,0,0,0,0,0,0,0,0,0,0,0),(34,0,'2017-08-02',0,0,0,0,0,0,0,0,0,0,0,0,0,0,0,0,0,0,0),(35,0,'2017-08-02',1,1,1,1,1,4,1,1,1,3,1,1,1,1,1,5,1,1,2.01),(36,0,'2017-08-04',11,4,1,1,1,4,1,1,1,3,1,1,1,1,1,5,1,1,2.44),(37,0,'2017-08-15',1,1,1,1,1,4,1,1,1,3,1,1,1,1,1,5,1,1,2.01),(38,11,'2017-08-15',1,1,1,1,1,4,1,1,1,3,1,1,1,1,1,5,1,1,2.01);

/*Table structure for table `business_line` */

DROP TABLE IF EXISTS `business_line`;

CREATE TABLE `business_line` (
  `id` int(11) NOT NULL AUTO_INCREMENT,
  `name` varchar(255) DEFAULT NULL,
  `desc` text,
  PRIMARY KEY (`id`)
) ENGINE=InnoDB AUTO_INCREMENT=3 DEFAULT CHARSET=utf8;

/*Data for the table `business_line` */

insert  into `business_line`(`id`,`name`,`desc`) values (1,'123',NULL),(2,'Бизнес линия',NULL);

/*Table structure for table `currency` */

DROP TABLE IF EXISTS `currency`;

CREATE TABLE `currency` (
  `id` int(11) NOT NULL AUTO_INCREMENT,
  `name` varchar(255) DEFAULT NULL,
  `desc` text,
  PRIMARY KEY (`id`)
) ENGINE=InnoDB AUTO_INCREMENT=6 DEFAULT CHARSET=utf8;

/*Data for the table `currency` */

insert  into `currency`(`id`,`name`,`desc`) values (1,'TJS',NULL),(2,'RUR',NULL),(3,'USD',NULL),(4,'EUR',NULL),(5,'123',NULL);

/*Table structure for table `currency_rates` */

DROP TABLE IF EXISTS `currency_rates`;

CREATE TABLE `currency_rates` (
  `id` int(11) NOT NULL AUTO_INCREMENT,
  `date1` date DEFAULT NULL,
  `id_currency` int(11) DEFAULT NULL,
  `rate` double DEFAULT NULL,
  PRIMARY KEY (`id`)
) ENGINE=InnoDB AUTO_INCREMENT=9 DEFAULT CHARSET=utf8;

/*Data for the table `currency_rates` */

insert  into `currency_rates`(`id`,`date1`,`id_currency`,`rate`) values (1,'2017-08-17',1,2),(2,'2017-08-17',2,1),(3,'2017-08-17',3,1),(4,'2017-08-17',4,1),(5,'2017-08-18',1,123),(6,'2017-08-18',1,12),(7,'2017-08-18',5,123),(8,'2017-08-21',3,2);

/*Table structure for table `divisions` */

DROP TABLE IF EXISTS `divisions`;

CREATE TABLE `divisions` (
  `id` int(11) NOT NULL AUTO_INCREMENT,
  `code` varchar(255) DEFAULT NULL,
  `id_divisions_category` int(11) DEFAULT NULL,
  `name` varchar(255) DEFAULT NULL,
  `name_address` text,
  `desc_address` text,
  `id_divisions` int(11) DEFAULT NULL,
  `id_status` int(11) DEFAULT NULL,
  PRIMARY KEY (`id`),
  FULLTEXT KEY `code` (`code`)
) ENGINE=InnoDB AUTO_INCREMENT=375 DEFAULT CHARSET=utf8;

/*Data for the table `divisions` */

insert  into `divisions`(`id`,`code`,`id_divisions_category`,`name`,`name_address`,`desc_address`,`id_divisions`,`id_status`) values (1,'001',1,NULL,'ЧСК \"БОНКИ ЭСХАТА\"','ш. Хучанд, куч. Гагарин 135',1,2),(2,'001-001',1,NULL,'ЧСК \"БОНКИ ЭСХАТА\" ДАР Ш.ХУЧАНД (САРБОНК)','Сарбонк',1,2),(3,'001-002',2,'002 - ш. Душанбе','Филиали ҶСК \"Бонки Эсхата\" дар ш. Душанбе','',1,2),(4,'001-003',2,'003 - ш. Курғонтеппа-1','Филиали ҶСК \"Бонки Эсхата\" дар ш. Қӯрғонтеппа-1','',1,2),(5,'001-004',2,'004 - ш. Хуҷанд','Филиали ҶСК \"Бонки Эсхата\" дар ш. Хуҷанд','',1,2),(6,'001-005',2,'005 - ш. Истаравшан','Филиали ҶСК \"Бонки Эсхата\" дар ш. Истаравшан','',1,2),(7,'001-006',2,'006 - ш. Исфара','Филиали ҶСК \"Бонки Эсхата\" дар ш. Исфара','',1,2),(8,'001-007',2,'007 - ш. Панчакент','Филиали ҶСК \"Бонки Эсхата\" дар ш. Панчакент','',1,2),(9,'001-008',2,'008 - ш. Конибодом','Филиали ҶСК \"Бонки Эсхата\" дар ш. Конибодом','',1,2),(10,'001-009',2,'009 - ш. Бустон','Филиали ҶСК \"Бонки Эсхата\" дар ш. Бустон','Чкаловск',1,2),(11,'001-010',2,'010 - н. Ашт','Филиали ҶСК \"Бонки Эсхата\" дар н. Ашт','',1,2),(12,'001-011',2,'011 - н. Мастчоҳ','Филиали ҶСК \"Бонки Эсхата\" дар н. Мастчоҳ','',1,2),(13,'001-013',2,'013 - н. Ҷ. Расулов','Филиали ҶСК \"Бонки Эсхата\" дар н. Ҷ. Расулов','',1,2),(14,'001-014',2,'014 - н. Ёвон','Филиали ҶСК \"Бонки Эсхата\" дар н. Ёвон','',1,2),(15,'001-015',2,'015 - ш. Турсунозода','Филиали ҶСК \"Бонки Эсхата\" дар ш. Турсунозода','',1,2),(16,'001-016',2,'016 - ш. Ваҳдат','Филиали ҶСК \"Бонки Эсхата\" дар ш. Ваҳдат','',1,2),(17,'001-017',2,'017 - ш. Ҳисор','Филиали ҶСК \"Бонки Эсхата\" дар ш. Ҳисор','',1,2),(18,'001-018',2,'018 - ш. Қӯрғонтеппа-2','Филиали ҶСК \"Бонки Эсхата\" дар ш. Қӯрғонтеппа-2','',1,2),(19,'001-019',2,'019 - н. Ҷайхун','Филиали ҶСК \"Бонки Эсхата\" дар н. Ҷайхун','Қумсангир',1,2),(20,'001-020',2,'020 - н. Б. Ғафуров','Филиали ҶСК \"Бонки Эсхата\" дар н. Б. Ғафуров','',1,2),(21,'001-021',2,'021 - н. Восеъ','Филиали ҶСК \"Бонки Эсхата\" дар н. Восеъ','',1,2),(22,'001-022',2,'022 - н. Спитамен','Филиали ҶСК \"Бонки Эсхата\" дар н. Спитамен','',1,2),(23,'001-023',2,'023 - н. Рӯдакӣ','Филиали ҶСК \"Бонки Эсхата\" дар н. Рӯдакӣ','',1,2),(24,'001-024',2,'024 - н. Шоҳмансур','Филиали ҶСК \"Бонки Эсхата\" дар н. Шоҳмансур','',1,2),(25,'001-100',2,'100 - Идораи Амалиёти','Идораи Амалиётии ҶСК \"Бонки Эсхата\" дар ш. Хуҷанд','',1,2),(26,'002101',3,NULL,'Хазинаи филиали ҶСК \"Бонки Эсхата\" дар ш. Душанбе','',3,2),(27,'003101',3,NULL,'Хазинаи филиали ҶСК \"Бонки Эсхата\" дар ш. Қӯрғонтеппа-1','',4,2),(28,'004101',3,NULL,'Хазинаи филиали ҶСК \"Бонки Эсхата\" дар ш. Хуҷанд','',5,2),(29,'005101',3,NULL,'Хазинаи филиали ҶСК \"Бонки Эсхата\" дар ш. Истаравшан','',6,2),(30,'006101',3,NULL,'Хазинаи филиали ҶСК \"Бонки Эсхата\" дар ш. Исфара','',7,2),(31,'007101',3,NULL,'Хазинаи филиали ҶСК \"Бонки Эсхата\" дар ш. Панчакент','',8,2),(32,'008101',3,NULL,'Хазинаи филиали ҶСК \"Бонки Эсхата\" дар ш. Конибодом','',9,2),(33,'009101',3,NULL,'Хазинаи филиали ҶСК \"Бонки Эсхата\" дар ш. Бустон','',10,2),(34,'010101',3,NULL,'Хазинаи филиали ҶСК \"Бонки Эсхата\" дар н. Ашт','',11,2),(35,'011101',3,NULL,'Хазинаи филиали ҶСК \"Бонки Эсхата\" дар н. Мастчоҳ','',12,2),(36,'013101',3,NULL,'Хазинаи филиали ҶСК \"Бонки Эсхата\" дар н. Ҷ. Расулов','',13,2),(37,'014101',3,NULL,'Хазинаи филиали ҶСК \"Бонки Эсхата\" дар н. Ёвон','',14,2),(38,'015101',3,NULL,'Хазинаи филиали ҶСК \"Бонки Эсхата\" дар ш. Турсунзода','',15,2),(39,'016101',3,NULL,'Хазинаи филиали ҶСК \"Бонки Эсхата\" дар ш. Ваҳдат','',16,2),(40,'017101',3,NULL,'Хазинаи филиали ҶСК \"Бонки Эсхата\" дар ш. Ҳисор','',17,2),(41,'018101',3,NULL,'Хазинаи филиали ҶСК \"Бонки Эсхата\" дар ш. Қӯрғонтеппа-2','',18,2),(42,'019101',3,NULL,'Хазинаи филиали ҶСК \"Бонки Эсхата\" дар ш. Ҷайхун','',19,2),(43,'020101',3,NULL,'Хазинаи филиали ҶСК \"Бонки Эсхата\" дар н. Б. Ғафуров','',20,2),(44,'021101',3,NULL,'Хазинаи филиали ҶСК \"Бонки Эсхата\" дар н. Восеъ','',21,2),(45,'022101',3,NULL,'Хазинаи филиали ҶСК \"Бонки Эсхата\" дар н. Спитамен','',22,2),(46,'023101',3,NULL,'Хазинаи филиали ҶСК \"Бонки Эсхата\" дар н. Рӯдакӣ','',23,2),(47,'024101',3,NULL,'Хазинаи филиали ҶСК \"Бонки Эсхата\" дар н. Шоҳмансур','',24,2),(48,'100101',3,NULL,'Хазинаи Идораи Амалиётии ҶСК \"Бонки Эсхата\" дар ш. Хуҷанд','',25,2),(49,'002201',4,NULL,'НИП ш.Душанбе куч.Н.Карабоева-16 (филиал)','',3,2),(50,'002203',4,NULL,'МХБ Панчшер ш.Душанбе куч. Н. Каробоева 77 (5км)','',3,2),(51,'002204',4,NULL,'МХБ \"Саодат\" ш. Душанбе, куч. Шамси-23 (7км)','',3,2),(52,'002205',4,NULL,'МХБ \"Султони Кабир\" ш.Душанбе куч.Дарвоз-36 (1.3 км)','',3,2),(53,'002206',4,NULL,'МХБ Бозори \"Корвон\" ш.Душанбе, куч. Крупская б/н (6км)','',3,2),(54,'002207',4,NULL,'МХБ в ш. Душанбе, улица Борбад 179 (9 км)','',3,2),(55,'002208',4,NULL,'МХБ ш. Душанбе, махаллаи Испечак, куч. М.Хамадони 18 (9км)','',3,2),(56,'002209',4,NULL,'МХБ ш. Душанбе, куч. Дж. Расулов - 3 рынок \"Фаровон\" (8км)','',3,2),(57,'002210',4,NULL,'МХБ ш. Душанбе, куч. Зарафшон - 5  (8,4 км)','',3,2),(58,'002211',4,NULL,'МХБ ш. Душанбе, куч. Н.Каробоева - 89/1 (5км)','',3,2),(59,'002212',4,NULL,'МХБ р-н Рудаки, дж. Россия, к. Куштеппа 3-153 (5км)','',3,2),(60,'002213',4,NULL,'МХБ р-н Рудаки, дж. Сарикишти (8км)','',3,2),(61,'002214',4,NULL,'МХБ н.Рудаки, д.Чимтеппа (бывший Борбад 165) (8 км)','',3,2),(62,'002215',4,NULL,'МХБ р-н Сино, куч. Ч.Расулов - 61/2 (4 км)','',3,2),(63,'002216',4,NULL,'МХБ р-н Сино, куч. Чоми 3/1 (7,5 км)','',3,2),(64,'002217',4,NULL,'МХБ р-н Фирдавси, куч. Н.Каробоев - 86/1 (4км)','',3,2),(65,'002218',4,NULL,'МХБ ш. Душанбе, куч. С.Шерози - 19 (1км)','',3,2),(66,'003201',4,NULL,'НИП ш.Кургантюбе куч. Вахдат 9 (филиал)','',4,2),(67,'003202',4,NULL,'МХБ \"Хочи Шариф\" (2) куч. Айни б/н (3.5км)','',4,2),(68,'003203',4,NULL,'МХБ ш.Сарбанд, куч.Борбад 35/1 (17км)','',4,2),(69,'003204',4,NULL,'МХБ  н.  Бохтар, дж.Заргар, д. Заргар (15км)','',4,2),(70,'003205',4,NULL,'МХБ ш.Кургантюбе,  куч. Вахдат - 31 (1км)','',4,2),(71,'003206',4,NULL,'МХБ ш.Кургантюбе, бозори \"Хочи Шариф\" (3) (3км)','',4,2),(72,'003207',4,NULL,'МХБ ш.Кургантюбе, бозори \"Хочи Шариф\" (1) (3км)','',4,2),(73,'003208',4,NULL,'МХБ ш.Кургантюбе, куч. Логинова - 18  (2,5км)','',4,2),(74,'003209',4,NULL,'МХБ ш.Кургантюбе, куч. Мирзокодиров - 36 (3,5км)','',4,2),(75,'003210',4,NULL,'МХБ ш.Кургантюбе, куч. Норинова - 16 (2км)','',4,2),(76,'003211',4,NULL,'МХБ ш.Кургантюбе, куч. Норинова - 38  (3,2км)','',4,2),(77,'003212',4,NULL,'МХБ ш.Кургантюбе, куч. Ф.Саидов 1 (1,5км)','',4,2),(78,'003213',4,NULL,'МХБ н. А.Чоми, куч. Крупская (40км)','',4,2),(79,'003214',4,NULL,'МХБ н. А.Чоми, куч. Сомониён-33 (37км)','',4,2),(80,'003215',4,NULL,'МХБ н. А.Чоми, куч.Сомониен б/н ТЦ \"Бахор\" (38км)','',4,2),(81,'003216',4,NULL,'МХБ н. А.Чоми, куч.Сомониён - 14 (39км)','',4,2),(82,'003217',4,NULL,'МХБ н. А.Чоми, куч.Сомониён МС-5 (37км)','',4,2),(83,'003218',4,NULL,'МХБ н. А.Чоми,куч.Сомониён - 20 (38км)','',4,2),(84,'003219',4,NULL,'МХБ н. Бохтар, дж. Бохтариён, куч.К.Хучанди-1 (8км)','',4,2),(85,'003220',4,NULL,'МХБ н. Бохтар, куч. И.Сино - б/р ТЦ \"Садбарг\" (10км)','',4,2),(86,'003221',4,NULL,'МХБ н. Вахш куч. Сомони - 62 (19.5 км)\r\n','',4,2),(87,'003222',4,NULL,'МХБ н. Вахш, куч. Каримов - 13 (19км)','',4,2),(88,'003223',4,NULL,'МХБ н. Вахш, улица Ленина  48 (19,7км)','',4,2),(89,'003224',4,NULL,'МХБ н. Дангара, куч. Тагаев - 26/2 (79км)','',4,2),(90,'003225',4,NULL,'МХБ н. Дангара, куч.Маркази б/н (76км)','',4,2),(91,'003226',4,NULL,'МХБ н. Дангара, куч.У.Хайём - 1а  (75км)','',4,2),(92,'003227',4,NULL,'МХБ н. Кубодиён, куч. Ленин - 35 (81км)','',4,2),(93,'003228',4,NULL,'МХБ н. Кубодиён, куч. Ленина 48 (83км)','',4,2),(94,'003229',4,NULL,'МХБ н. Кубодиён, куч. Ленина б/н (82км)','',4,2),(95,'003230',4,NULL,'МХБ н. Кубодиён, куч. С.Айни б/н (80км)','',4,2),(96,'003231',4,NULL,'МХБ н. Хуросон, пос. Уяли куч. Айни 62 (21км)','',4,2),(97,'003232',4,NULL,'МХБ н. Хуросон, куч. Сомониён - б/н (43км)','',4,2),(98,'003233',4,NULL,'МХБ н. Ч.Руми, дж. Гулистон (50 км)','',4,2),(99,'003234',4,NULL,'МХБ н. Ч.Руми, куч. Айни - 14 (35км)','',4,2),(100,'003235',4,NULL,'МХБ н. Ч.Руми, куч. И.Сино - 12 (36км)','',4,2),(101,'003236',4,NULL,'МХБ н. Ч.Руми, куч. И.Сино 19 (36км)','',4,2),(102,'003237',4,NULL,'МХБ н. Ч.Руми, куч. И.Сино 21 (36км)','',4,2),(103,'003238',4,NULL,'МХБ н. Ч.Руми, куч.Ибни Сино - 20 (37км)','',4,2),(104,'003239',4,NULL,'МХБ н. Чиликул, ш.Гараути, куч. Молодёжная (49км)','',4,2),(105,'003240',4,NULL,'МХБ н. Чиликул, дж/д Нури Вахш, д. Чангалпарвар (44км)','',4,2),(106,'003241',4,NULL,'МХБ н. Чиликул, куч. А.Каримов   ТЦ  \"Фарход\" (48км)','',4,2),(107,'003242',4,NULL,'МХБ н. Чиликул, куч. Ленина, ТЦ Авесто  (47км)','',4,2),(108,'003243',4,NULL,'МХБ ш.Кургантюбе, куч.Гафурова 17 (3,5 км)','',4,2),(109,'003244',4,NULL,'МХБ н. Бохтар, улица Ибни Сино - 55 (11км)','',4,2),(110,'003245',4,NULL,'МХБ н. Вахш, куч. И.Сомони - 43 (18,5км)','',4,2),(111,'003246',4,NULL,'МХБ н. Кубодиён, бозори \"Маркази\" (1) (82км)','',4,2),(112,'003247',4,NULL,'МХБ н. Шаартуз, куч. И.Сомони б/н  (99км)','',4,2),(113,'003248',4,NULL,'МХБ н. Шаартуз, куч. И.Сомони б/н (95км)','',4,2),(114,'003249',4,NULL,'МХБ н. Шаартуз, куч. И.Сомони, бозори \"Ином\" (97км)','',4,2),(115,'003250',4,NULL,'МХБ н. Шаартуз, куч. Ленина  - 28 (98км)','',4,2),(116,'003251',4,NULL,'МХБ н. Шаартуз, куч.Ленина б/н  (96км)','',4,2),(117,'004201',4,NULL,'НИП ш. Хуҷанд, х. И.Сомони - 40 (филиал)','',5,2),(118,'004202',4,NULL,'МХБ ш. Хуҷанд, куч. И.Сомони - 10 (1.2км)','',5,2),(119,'004203',4,NULL,'МХБ ш. Хуҷанд, куч. И.Сомони - 56 (0,5км)','',5,2),(120,'004204',4,NULL,'МХБ ш. Хуҷанд, куч. И.Сомони - 72 (0.52км)','',5,2),(121,'004205',4,NULL,'МХБ ш. Хуҷанд, куч. И.Сомони - 81 (1км)','',5,2),(122,'004206',4,NULL,'МХБ ш. Хуҷанд, куч. И.Сомони - 10 (вечерняя касса) (1,2км)','',5,2),(123,'004207',4,NULL,'МХБ н. Б.Ғафуров, куч. Ёва - 54а (5,5км)','',5,2),(124,'005201',4,NULL,'МХБ ш. Истаравшан, куч. Ленина 12б (филиал)','',6,2),(125,'005202',4,NULL,'МХБ ш. Истаравшан \"Гули Сурх\" (1,3км)','',6,2),(126,'005203',4,NULL,'МХБ ш. Истаравшан Торговый центр \"Файз\" (1,2 км)','',6,2),(127,'005204',4,NULL,'МХБ ш. Истаравшан, \"Бозори маркази\" (1,3км)','',6,2),(128,'005205',4,NULL,'МХБ ш. Истаравшан, куч. А. Умаров - 12  (1,5км)','',6,2),(129,'005206',4,NULL,'МХБ ш. Истаравшан, куч. А. Умаров № 5 \"Уструшан\" (1.5км)','',6,2),(130,'005207',4,NULL,'МХБ ш. Истаравшан, куч. Гули Сурх - 2  (1,2км)','',6,2),(131,'005208',4,NULL,'МХБ ш. Истаравшан, куч. Дилшод б/н  (1,2км)','',6,2),(132,'005209',4,NULL,'МХБ ш. Истаравшан, куч. Ленина - 112  (1км)','',6,2),(133,'005210',4,NULL,'МХБ ш. Истаравшан, куч. Ленина - 130 (0,8км)','',6,2),(134,'005211',4,NULL,'МХБ ш. Истаравшан, куч. Холик Рачабов - б/р  (1,5км)','',6,2),(135,'005212',4,NULL,'МХБ н. Айни село Зарафшон - 1  (Сарвода) (130км)','',6,2),(136,'005213',4,NULL,'МХБ н. Айни, куч.Рудаки - 25  (100км)','',6,2),(137,'005214',4,NULL,'МХБ н. Гончи, куч. И.Сомони - 12/1 (12км) ','',6,2),(138,'005215',4,NULL,'МХБ н. Деваштич, И.Сомони - Калининобод (28км)','',6,2),(139,'005216',4,NULL,'МХБ н. Деваштич, куч. Б.Саломов - 11А (12км) ','',6,2),(140,'005217',4,NULL,'МХБ н. Деваштич, куч. Б.Саломов-11 (12км)','',6,2),(141,'005218',4,NULL,'МХБ н. Шахристан, куч.Истаравшан б/н (30км)','',6,2),(142,'006201',4,NULL,'НИП ш. Исфара, куч. Маркази - 29/1 (филиал)','',7,2),(143,'006202',4,NULL,'МХБ \"Аврангзеб\" ш. Исфара, куч. А.Чоми-15 (1,2км)','',7,2),(144,'006203',4,NULL,'МХБ \"Чоркух\" ш. Исфара, дж.Чоркух, куч.Точикистон 2  (20 км)','',7,2),(145,'006204',4,NULL,'МХБ ш. Исфара, дж. Ворух, куч.Рудаки б/р  (46км)','',7,2),(146,'006205',4,NULL,'МХБ ш. Исфара, дж. Кулькенд куч. Ленина - 254 (10км)','',7,2),(147,'006206',4,NULL,'МХБ ш. Исфара, дж. Сурх-1, куч. Б.Гафурова - 42  (15км)','',7,2),(148,'006207',4,NULL,'МХБ ш. Исфара, дж. Сурх-2, куч. Азимов-72  (18км)','',7,2),(149,'006208',4,NULL,'МХБ ш. Исфара, дж. Чильгази куч. Ленина б/н  (12км)','',7,2),(150,'006209',4,NULL,'МХБ ш. Исфара, дж.Ворух куч. Ленина - 82 (45км)','',7,2),(151,'006210',4,NULL,'МХБ ш. Исфара, дж.Кулканд, куч.Ленина - 197 (12км)','',7,2),(152,'006211',4,NULL,'МХБ ш. Исфара, к. Навобод, магазин \"Шамс\" (3,6км)','',7,2),(153,'006212',4,NULL,'МХБ ш. Исфара, куч. 8-Март б/р (1,2км)','',7,2),(154,'006213',4,NULL,'МХБ ш. Исфара, куч. А.Джоми - 17  (1,5км)','',7,2),(155,'006214',4,NULL,'МХБ ш. Исфара, куч. А.Джоми - 30  (1,2км)','',7,2),(156,'006215',4,NULL,'МХБ ш. Исфара, куч. Бобо Махкамов - 18/4 (1,5км)','',7,2),(157,'006216',4,NULL,'МХБ ш. Исфара, куч. Маркази - 17 (0,8км)','',7,2),(158,'006217',4,NULL,'МХБ ш. Исфара, куч. Маркази - 21  (0,6км)','',7,2),(159,'006218',4,NULL,'МХБ ш. Исфара,ч. Нефтеобод, куч. Совети - 52 (12,8км)','',7,2),(160,'007201',4,NULL,'ПДП ш. Пенджикент, куч. Рудаки - 97 (филиал)','',8,2),(161,'007202',4,NULL,'МХБ \"Гусар\" ш.Панчакент, дж.Л.Шерали, куч. Рудаки 75 (28км)','',8,2),(162,'007203',4,NULL,'МХБ \"Дарвозаи Бухор\" ш. Панчакент, хиёбони Рудаки - 185 (1км)','',8,2),(163,'007204',4,NULL,'МХБ ш. Пенджикент, дж.Ёри, куч. Айни - 24 (25км)','',8,2),(164,'007205',4,NULL,'МХБ ш. Пенджикент, дж.Л.Шерали, куч. Навобод (32км)','',8,2),(165,'007206',4,NULL,'МХБ ш. Пенджикент, дж.Саразм, куч.Чимкурган б/н (12км)','',8,2),(166,'007207',4,NULL,'МХБ ш. Пенджикент, просп. Рудаки-175 (2км)','',8,2),(167,'007208',4,NULL,'МХБ ш. Пенджикент, с/с Могиён  Бозори \"Колхози\" (55км) ','',8,2),(168,'007209',4,NULL,'МХБ ш. Пенджикент, куч. Советобод б/н  (43км)','',8,2),(169,'007210',4,NULL,'МХБ ш. Пенджикент, хиёбони Рудаки - 111  (1,5км)','',8,2),(170,'007211',4,NULL,'МХБ ш. Пенджикент, ч/д Сучина  (12км)','',8,2),(171,'008201',4,NULL,'НИП ш. Конибодом, куч. Ленина - 348  (филиал)','',9,2),(172,'008202',4,NULL,'МХБ Ниёзбек в ш. Конибодом, дж.Шарипова  куч.Ленина - 46 (21км)','',9,2),(173,'008203',4,NULL,'МХБ ш. Конибодом, дж. Ортиков. к. Каробоев 27  (6км)','',9,2),(174,'008204',4,NULL,'МХБ ш. Конибодом, дж. Пулодон, куч. Бустон - 3  (5км)','',9,2),(175,'008205',4,NULL,'МХБ ш. Конибодом, дж. Хамробоева п. Хамирчу - б/р (8км)','',9,2),(176,'008206',4,NULL,'МХБ ш.Конибодом, дж.Хамробоева, куч.Хамробоева 150 - Кучкак (12км)','',9,2),(177,'008207',4,NULL,'МХБ ш. Конибодом, дж.Артиков, куч.Пахтаобод - 63а (6км)','',9,2),(178,'008208',4,NULL,'МХБ ш. Конибодом, дж.Лохути, куч. А. Кодирова - 47 (31км)','',9,2),(179,'008209',4,NULL,'МХБ ш. Конибодом, дж.Лохути, куч. А.Содиков б/р (36км)','',9,2),(180,'008210',4,NULL,'МХБ ш. Конибодом, дж.Махрам, куч. Мирзоалиева - 1 (26км)','',9,2),(181,'008211',4,NULL,'МХБ ш. Конибодом, дж.Патар, куч.Ленина - б/р (10 км)','',9,2),(182,'008212',4,NULL,'МХБ ш. Конибодом, дж.Пулодон, куч. Раватская - б/р (14км)','',9,2),(183,'008213',4,NULL,'МХБ ш. Конибодом, куч. Ленина - б/р  (2км)','',9,2),(184,'008214',4,NULL,'МХБ ш. Конибодом, куч.Ленина - 125 (1,2км)','',9,2),(185,'008215',4,NULL,'МХБ ш. Конибодом. куч.Манонова - 65а (2км)','',9,2),(186,'009201',4,NULL,'НИП ш. Бустон, куч. Говорова - 8 (филиал)','',10,2),(187,'009202',4,NULL,'МХБ \"Гулистон\"  ш. Гулистон, куч. Мухина-1 (13км)','',10,2),(188,'009203',4,NULL,'МХБ \"Исфисор\" р-н Б.Гафуров, куч.Б.Гафуров - 126 (10км)','',10,2),(189,'009204',4,NULL,'МХБ \"Сомон\" куч.Ленина - 44 (4км)','',10,2),(190,'009205',4,NULL,'МХБ \"Сомон-2\" трасса Худжанд-Гафуров, ТЦ \"Саховат\" (4,5км)','',10,2),(191,'009206',4,NULL,'МХБ ш. Бустон, куч. Рудаки - 20 (0,5км)','',10,2),(192,'009207',4,NULL,'МХБ ш. Бустон, куч.Ленина - 2  (2,5км)','',10,2),(193,'009208',4,NULL,'МХБ ш. Гулистон, куч.Истиклол №54 (12км)','',10,2),(194,'010201',4,NULL,'НИП н. Ашт, куч. И. Сомони - 38 (филиал)','',11,2),(195,'010202',4,NULL,'МХБ \"Дусти\" н. Ашт, пос. Дусти (38,5км)','',11,2),(196,'010203',4,NULL,'МХБ \"Мархамат\" н. Ашт (20км)','',11,2),(197,'010204',4,NULL,'МХБ н. Ашт к. Бободархон (9км)','',11,2),(198,'010205',4,NULL,'МХБ н. Ашт, дж. Джарбулок (43,5км)','',11,2),(199,'010206',4,NULL,'МХБ н. Ашт, дж. Кирккудук  (33км)','',11,2),(200,'010207',4,NULL,'МХБ н.Ашт, ч. Понгоз (17,5)','',11,2),(201,'010208',4,NULL,'МХБ н. Ашт, дж. Пунук  (71,5км)','',11,2),(202,'010209',4,NULL,'МХБ н. Ашт, дж. Шодоба, пос.Гулшан, куч.И.Сомони-22/а (13,5км)','',11,2),(203,'010210',4,NULL,'МХБ н. Ашт, дж.Ошоба, село Аппон (28км)','',11,2),(204,'010211',4,NULL,'МХБ н. Ашт, к. Ашт  (41км)','',11,2),(205,'010212',4,NULL,'МХБ н.Ашт, д. Булок (11,4 км)','',11,2),(206,'010213',4,NULL,'МХБ н. Ашт, куч. Ленин - 140/1 (1км)','',11,2),(207,'010214',4,NULL,'МХБ н. Ашт. дж. Мехробод, пос.Камишкургон 2 (16 км)','',11,2),(208,'011201',4,NULL,'ПДП н. Матча, куч. И.Сомони - 23 (филиал)','',12,2),(209,'011202',4,NULL,'МХБ \"Оббурдон\" н.Мастчох, дж. Оббурдон. рынок \"Вахдат\" (12км)','',12,2),(210,'011203',4,NULL,'МХБ н. Матча, дж. Навбахор, куч.Ч.Эргашев - 19 (8км)','',12,2),(211,'011204',4,NULL,'МХБ н. Матча, дж. Оббурдон, Ю.Вафо (13км)','',12,2),(212,'011205',4,NULL,'МХБ н. Матча, дж. Обшорон, куч. С.Шарипов - 11  (12км)','',12,2),(213,'011206',4,NULL,'МХБ н. Матча, пос. Палдорак (5км)','',12,2),(214,'011207',4,NULL,'МХБ н. Матча, пос. Сомониён (19км)','',12,2),(215,'011208',4,NULL,'МХБ н. Матча, с/с Амиров Комсомол Площадка (31км)','',12,2),(216,'013201',4,NULL,'НИП н. Ч.Расулов, куч. Нурматова - 1 (филиал)','',13,2),(217,'013202',4,NULL,'МХБ  н. Дж.Расулов, дж.Янгихаёт, к.Мехргон, куч.Эгамбердиева (6км)','',13,2),(218,'013203',4,NULL,'МХБ \"Гулакандоз\" н. Ч.Расулов (5км)','',13,2),(219,'013204',4,NULL,'МХБ н. Гулакандоз, куч. Ленина 35 (3км)','',13,2),(220,'013205',4,NULL,'МХБ н. Гулакандоз, куч.Д.Самадов б/н (4км)','',13,2),(221,'013206',4,NULL,'МХБ н. Ч.Расулов, дж.Гулхона, куч.Мирмухсимов - б/н (4км)','',13,2),(222,'013207',4,NULL,'МХБ н. Ч.Расулов, дж.Дехмой, куч.К.Турабоев - б/н (9км)','',13,2),(223,'013208',4,NULL,'МХБ н. Дж.Расулов, дж.Сомониён, куч.Ленина - б/н (5км)','',13,2),(224,'013209',4,NULL,'МХБ н. Пролетар, Централный Рынок  (0.5rм)','',13,2),(225,'013210',4,NULL,'МХБ н. Пролетар, куч. А. Рудаки - 10/4  (0.5км)','',13,2),(226,'014201',4,NULL,'НИП ш. Ёвон, куч. Т.Хушвакт - 2а  (филиал)','',14,2),(227,'014202',4,NULL,'МХБ \"Норак\" ш. Норак, куч. Рудаки - 7а  (48км)','',14,2),(228,'014203',4,NULL,'МХБ ш. Норак, куч. Рудаки - 22 (47км)','',14,2),(229,'014204',4,NULL,'МХБ ш. Норак, куч. Рудаки - б/р (48км) (х)','',14,2),(230,'014205',4,NULL,'МХБ ш. Ёвон куч.М.Турсунзода - 20 (1,5км)','',14,2),(231,'014206',4,NULL,'МХБ ш. Ёвон, дж. Ситораи - Сурх, д.Пахтакор  (26км)','',14,2),(232,'014207',4,NULL,'МХБ ш. Ёвон, дж. Хаёти Нав, село А.Навои (32км)','',14,2),(233,'014208',4,NULL,'МХБ ш. Ёвон, пос. Дахана (6км)','',14,2),(234,'014209',4,NULL,'МХБ ш. Ёвон, пос. Навкорам  (5км)','',14,2),(235,'014210',4,NULL,'МХБ ш. Ёвон, пос. Парчасой  (10км)','',14,2),(236,'014211',4,NULL,'МХБ ш. Ёвон, село Куймот - б/н  (12км)','',14,2),(237,'014212',4,NULL,'МХБ ш. Ёвон, куч. А.Чоми - 145 (3км)','',14,2),(238,'014213',4,NULL,'МХБ ш. Ёвон, куч. А.Чоми - б/н (3км)','',14,2),(239,'014214',4,NULL,'МХБ ш. Ёвон, куч. Базарная - 2 (1,5км)','',14,2),(240,'014215',4,NULL,'МХБ ш. Ёвон, куч. Базарная б/н   (2,5км)','',14,2),(241,'014216',4,NULL,'МХБ ш. Ёвон, куч. Камсамол б/р (2,5км)','',14,2),(242,'014217',4,NULL,'МХБ ш. Ёвон, куч. Ленина - 36а   (2,5км)','',14,2),(243,'014218',4,NULL,'МХБ ш. Ёвон, куч. Уртакайнар - 1 (25км)','',14,2),(244,'015201',4,NULL,'НИП ш. Турсунзода, куч. И.Сомони - 55  (филиал)','',15,2),(245,'015202',4,NULL,'МХБ  \"Шахринав\"  дж.Сабо, дехаи Навобод  (14км)','',15,2),(246,'015203',4,NULL,'МХБ \"Саховат\" ш. Турсунзода, куч. Б.Гафурова б/н (1,5км)','',15,2),(247,'015204',4,NULL,'МХБ \"Точиева\" ш.Турсунзода, куч. Таджиева - 1 (1км)','',15,2),(248,'015205',4,NULL,'МХБ Шахринав, куч. И.Сомони - 8   (13км)','',15,2),(249,'015206',4,NULL,'МХБ Шахринав, куч. Сомони - 3  (15км)','',15,2),(250,'015207',4,NULL,'МХБ Шахринав, куч.Вокзалная - 7  (18км)','',15,2),(251,'015208',4,NULL,'МХБ ш. Турсузода, пос. Пахтаобод куч. Ленина - 73 (12км)','',15,2),(252,'015209',4,NULL,'МХБ ш. Турсунзаде, куч. Таджиева б/н (1,3км)','',15,2),(253,'015210',4,NULL,'МХБ ш. Турсунзаде, куч. Чапаева б/н  (1км)','',15,2),(254,'015211',4,NULL,'МХБ ш. Турсунзода, куч. М.Турсунзода - б/н (0,8км)','',15,2),(255,'015212',4,NULL,'МХБ ш. Турсунзода, куч. Сомони - 30  (0,5км)','',15,2),(256,'015213',4,NULL,'МХБ ш. Турсунзода, куч. Таджиева - 35 (1км)','',15,2),(257,'015214',4,NULL,'МХБ ш. Турсунзода, куч.Таджиева  - 1  (1км)','',15,2),(258,'016201',4,NULL,'НИП ш. Вахдат, куч.Тугдона - 6  (филиал)','',16,2),(259,'016202',4,NULL,'МХБ \"Хайр\" ш. Вахдат, куч.Н.Розик - 1 (6км)','',16,2),(260,'016203',4,NULL,'МХБ ш. Вахдат, дж.Гулистон   (20км)','',16,2),(261,'016204',4,NULL,'МХБ ш. Вахдат, дж.Карим Исмоил (9км)','',16,2),(262,'016205',4,NULL,'МХБ ш. Вахдат, д. Личак  (20км)','',16,2),(263,'016206',4,NULL,'МХБ ш. Вахдат, куч. Тугдона - 36  (0,7км)','',16,2),(264,'016207',4,NULL,'МХБ ш. Вахдат, куч.Борбад - б/н  (0,5км)','',16,2),(265,'016208',4,NULL,'МХБ ш. Вахдат, куч.Носир Хасан (4км)','',16,2),(266,'016209',4,NULL,'МХБ ш. Вахдат, куч.Улугбек - 1   (4км)','',16,2),(267,'016210',4,NULL,'МХБ ш. Вахдат, куч.Фирдавси \"Мухайё\" (1км)','',16,2),(268,'016211',4,NULL,'МХБ ш. Вахдат, куч.Фирдавси - б/н (0,7км)','',16,2),(269,'016212',4,NULL,'МХБ ш. Вахдат. куч. Фирдавси 43 (0,8км)','',16,2),(270,'016213',4,NULL,'МХБ ш. Файзабад, куч.И.Сомони - 30 (30км)','',16,2),(271,'016214',4,NULL,'МХБ ш. Файзабад, куч.Сомони - 1 (37км)','',16,2),(272,'016215',4,NULL,'МХБ дж. Гулистон, дехаи Джангалобод (12км)','',16,2),(273,'016216',4,NULL,'МХБ р-н Нуробод, д. Дарбанд, куч. И.Сомони - б/н (130км)','',16,2),(274,'016217',4,NULL,'МХБ р-н Рашт, д. Гарм, куч. И.Сомони 61 (192км)','',16,2),(275,'016218',4,NULL,'МХБ р-н Точикобод. куч.И.Сомони - 10 (110км)','',16,2),(276,'016219',4,NULL,'МХБ р. Файзабад, дж. Мехробод (15км)','',16,2),(277,'016220',4,NULL,'МХБ ш. Вахдат, к. Фирдавси б/р - 1 (0,8км)','',16,2),(278,'016221',4,NULL,'МХБ, ш. Рогун, куч. Сохтмончиён б/н (90км)','',16,2),(279,'017201',4,NULL,'НИП ш. Хисор, куч. И.Сомони - 2  (филиал)','',17,2),(280,'017202',4,NULL,'МХБ \"Само\" в Хисорском н.е, куч. 60-летие Хисора (0,7км)','',17,2),(281,'017203',4,NULL,'МХБ ш. Хисор, дж. Шарора куч. Дусти - 2а  (12км)','',17,2),(282,'017204',4,NULL,'МХБ ш. Хисор, дж.Сарикишти, дехаи Лаби Тол (18км)','',17,2),(283,'017205',4,NULL,'МХБ ш. Хисор, пос. Айни (12км)','',17,2),(284,'017206',4,NULL,'МХБ ш. Хисор, куч. А.Юсуфи -11/б  (1км)','',17,2),(285,'017207',4,NULL,'МХБ ш. Хисор, куч. Юсуфи -1 (1км)','',17,2),(286,'017208',4,NULL,'МХБ ш. Хисор, куч.Турсунзода - 20 (0.6км)','',17,2),(287,'017209',4,NULL,'МХБ ш. Хисор, ч. Хисор (6км)','',17,2),(288,'017210',4,NULL,'МХБ ш. Хисор, ч/д Мирзо Ризо, пос. Гулистон (12км)','',17,2),(289,'017211',4,NULL,'МХБ н. Рудаки ч/д Чортеппа, д. Чуйбодом (23км)','',17,2),(290,'018201',4,NULL,'НИП кучаи Норинов-1а (филиал)','',18,2),(291,'019201',4,NULL,'НИП н. Чайхун, куч.Беруни - 26 (филиал)','',19,2),(292,'019202',4,NULL,'МХБ н. Дусти, куч. Беруни - 9 (0,2км)','',19,2),(293,'019203',4,NULL,'МХБ н. Панч, куч. 50 сол Куш.Сархади  - 48 (50км)   ','',19,2),(294,'019204',4,NULL,'МХБ н. Панч, куч. Рудаки - 62 (50км)','',19,2),(295,'019205',4,NULL,'МХБ н. Панч, куч.Рудаки - 56  (53км)','',19,2),(296,'019206',4,NULL,'МХБ н. Панч, куч.Рудаки 26 (50 км)','',19,2),(297,'019207',4,NULL,'МХБ н. Ч.Балхи дж. Калинин базар \"Баракат\" (25км)','',19,2),(298,'019208',4,NULL,'МХБ н. Чайхун, Дусти, куч.Вахдат  (0,1км)','',19,2),(299,'019209',4,NULL,'МХБ н. Чайхун, дж. Дусти д. Зарнисор (6км)','',19,2),(300,'019210',4,NULL,'МХБ н. Чайхун, д. Чуйбор (5км)','',19,2),(301,'019211',4,NULL,'МХБ н. Чайхун, ч/д Истиклол, д. Телман (12,5км)','',19,2),(302,'019212',4,NULL,'МХБ н. Яккадин, д. Яккадин (46км)','',19,2),(303,'019213',4,NULL,'МХБ н.. Панч, куч.50-солагии Кушунхои Сархади 30 (0,2км)','',19,2),(304,'020201',4,NULL,'ПДП ш.Гафуров, куч.Ленина - 3  (филиал)','',20,2),(305,'020202',4,NULL,'МХБ ш.Гафуров, куч.Ленина - 5  (0,2км)','',20,2),(306,'020203',4,NULL,'МХБ ш.Гафуров,куч.1-мая 13 (5км)','',20,2),(307,'020204',4,NULL,'МХБ дж. Хистеварз, куч. Кенджаева - 5  (11км)','',20,2),(308,'020205',4,NULL,'МХБ дж. Хистеварз, куч. Д.Зокиров б/н напротив ТЦ \"Ситора\" (12км)','',20,2),(309,'020206',4,NULL,'МХБ дж.Зарзамин, куч.Р.Юлдашева - 44 (7км)','',20,2),(310,'020207',4,NULL,'МХБ дж.Овчи-Калача, куч. Т.Искандаров - 106 (17км)','',20,2),(311,'021201',4,NULL,'НИП н. Восеъ, куч. И.Рахимов - 6  (филиал)','',21,2),(312,'021202',4,NULL,'МХБ ш. Кулоб, куч Борбад 44 (1км)','',21,2),(313,'021203',4,NULL,'ЦБО ш. Куляб ч/д Дахана (41км)','',21,1),(314,'021204',4,NULL,'МХБ ш. Кулоб, куч. И.Сомони - 2 (20км)','',21,2),(315,'021205',4,NULL,'МХБ ш. Кулоб, куч. И.Сомони - б/р (19км)','',21,2),(316,'021206',4,NULL,'МХБ ш. Кулоб, куч. Сомони (Бозори Саховат) (20км) ','',21,2),(317,'021207',4,NULL,'МХБ ш. Кулоб, куч. Сомони - 15  (20км)','',21,2),(318,'021208',4,NULL,'МХБ ш. Кулоб, куч. Х. Назаров - 19а  (20км)','',21,2),(319,'021209',4,NULL,'МХБ н. Восеъ, дж. М.Махмадалиев, д. Селбур (20км)','',21,2),(320,'021210',4,NULL,'МХБ н. Восеъ, куч. И.Рахимов - 6\"а\" (10м)','',21,2),(321,'021211',4,NULL,'МХБ н. Восеъ, куч. Комсомол - 28  (0,2км)','',21,2),(322,'021212',4,NULL,'МХБ н. Восеъ, куч. Комсомол - 28а (0,2км)','',21,2),(323,'021213',4,NULL,'МХБ н. Фархор, куч. И. Сомони б/р 2  (46км)','',21,2),(324,'021214',4,NULL,'МХБ н. Фархор, куч. Сомони б/н (45,5км)','',21,2),(325,'021215',4,NULL,'МХБ н. Фархор, куч. Х. Шерози - б/р (48км)','',21,2),(326,'021216',4,NULL,'МХБ н. Хамадони, куч. И.Сомони - б/р  (32,5км)','',21,2),(327,'021217',4,NULL,'МХБ н. Хамадони, куч. Н. Хисрав б/р (35км)','',21,2),(328,'021218',4,NULL,'МХБ н. Хамадони, куч. С.Курбонов - 2  (33км)','',21,2),(329,'021219',4,NULL,'МХБ н. Хамадони, куч. Саъди б/н (35км)','',21,2),(330,'022201',4,NULL,'НИП н. Спитамен, куч.Сомониён - 54а  (филиал)','',22,2),(331,'022202',4,NULL,'МХБ г.Нау, куч.Спитамен-7а  (1км)','',22,2),(332,'022203',4,NULL,'МХБ н. Зафаробод, куч. Рудаки - б/н (60км)','',22,2),(333,'022204',4,NULL,'МХБ н. Зафаробод, куч. Уратеппа - б/н (60км)','',22,2),(334,'022205',4,NULL,'МХБ н. Спитамен, дж.Октеппа, куч.Ленин-44 (12км)','',22,2),(335,'022206',4,NULL,'МХБ н. Спитамен, к. Куркат,куч.Уришев - 48 (14км)','',22,2),(336,'022207',4,NULL,'МХБ н. Спитамен, село Нау, мах.Дусти, куч.Хамза - 78а (3км)','',22,2),(337,'022208',4,NULL,'МХБ н. Спитамен, село Нау, куч.Э.Юсуфи - 1 (1,5км)','',22,2),(338,'023201',4,NULL,'НИП н. Рудаки, куч. Сомони - б/н  (филиал)','',23,2),(339,'023202',4,NULL,'МХБ н. Рудаки, Сомониён, куч. Бехруз - б/р (1км)','',23,2),(340,'023203',4,NULL,'МХБ н. Рудаки, дж. Лохур (9,5км)','',23,2),(341,'023204',4,NULL,'МХБ н. Рудаки, дж.Зайнабобод  (12км)','',23,2),(342,'023205',4,NULL,'МХБ н. Рудаки, махаллаи Турсунзода (6,6км)','',23,2),(343,'023206',4,NULL,'МХБ н. Рудаки, куч. Маърифат б/н  (0,2км)','',23,2),(344,'023207',4,NULL,'МХБ н. Рудаки, куч. Сомони - 61 (0,1км)','',23,2),(345,'024201',4,NULL,'НИП ш.Душанбе, куч. Адхамов - 11  (филиал)','',24,2),(346,'024202',4,NULL,'МХБ ш. Душанбе, куч.Рудаки 156 (15,4км)','',24,2),(347,'024203',4,NULL,'МХБ ш. Душанбе, куч. Матросова - 2 (17,8км)','',24,2),(348,'024204',4,NULL,'МХБ ш.Душанбе куч. Бехзод  - 34  (1,3км)','',24,2),(349,'024205',4,NULL,'МХБ ш.Душанбе куч. Бухоро  - 43  (2,5км)','',24,2),(350,'024206',4,NULL,'МХБ ш.Душанбе куч. М. Мастонгулов 20 (19,1км)','',24,2),(351,'024207',4,NULL,'МХБ ш.Душанбе куч. Н. Мухаммад - 5/1  (1,9км)','',24,2),(352,'024208',4,NULL,'МХБ ш.Душанбе куч. Рудаки  - 106/49  (5,3 км) (рузона)','',24,2),(353,'024209',4,NULL,'МХБ ш.Душанбе куч. Рудаки  - 106/49  (5,3 км) (шабона)','',24,2),(354,'024210',4,NULL,'МХБ ш.Душанбе куч.Айни - 289/2  (11,9км)','',24,2),(355,'024211',4,NULL,'МХБ ш.Душанбе куч.Айни - 78/2  (7,3км)','',24,2),(356,'024212',4,NULL,'МХБ ш.Душанбе куч.Рудаки - 3а  (9,3км)','',24,2),(357,'024213',4,NULL,'МХБ ш.Душанбе, н. Рудаки, дж. Гулистон  (9,9км)','',24,2),(358,'024214',4,NULL,'МХБ ш.Душанбе, куч. Айни - 118  (8,4км)','',24,2),(359,'024215',4,NULL,'МХБ ш.Душанбе, куч. Лохути 7/4 (3,6км)','',24,2),(360,'024216',4,NULL,'МХБ ш.Душанбе, куч. Рудаки 137 (4,4км)','',24,2),(361,'024217',4,NULL,'МХБ ш.Душанбе, куч. Шевченко 44 (5,4 км)','',24,2),(362,'024218',4,NULL,'МХБ ш.Душанбе, куч.Айни -  269  (12,5км)','',24,2),(363,'024219',4,NULL,'МХБ ш.Душанбе, куч.Каххорова  - 111  (14,5км)','',24,2),(364,'024220',4,NULL,'МХБ ш.Душанбе, куч.Сохили - 1а  (13,2км)','',24,2),(365,'100201',4,NULL,'ПДП ш.Худжанд, куч.Гагарина-135','',25,1),(366,'100202',4,NULL,'МХБ  \"Бофанда\" х. И.Сомони - 201 (1,4км)','',25,2),(367,'100203',4,NULL,'МХБ  \"Озода\" куч. Шарк - 5 (0,7км)','',25,2),(368,'100204',4,NULL,'МХБ \"Бахори Ачам\" куч. Р. Хочиев  б/н (4,3км)','',25,2),(369,'100205',4,NULL,'МХБ ш. Худжанд, ул. К.Худжанди 164 (4км)','',25,2),(370,'100206',4,NULL,'МХБ ш. Худжанд, куч. Шарк 86а  Головной  (0,1км)','',25,2),(371,'100207',4,NULL,'МХБ ш.Истиклол, 1-мкр  б/н - ЧП  (39км)','',25,2),(372,'100208',4,NULL,'МХБ ш.Кайраккум пос.Адрасман куч.Горкий-9 - ЧП (40км)','',25,2),(373,'100209',4,NULL,'МХБ дж. Исмоил, куч. Хамзаалиева-35 (24км)','',25,2),(374,'100210',4,NULL,'МХБ куч. 30-лет Победа 25/1а (31 мкр) (3,7км)','',25,2);

/*Table structure for table `divisions_filial` */

DROP TABLE IF EXISTS `divisions_filial`;

CREATE TABLE `divisions_filial` (
  `id` int(11) NOT NULL AUTO_INCREMENT,
  `name` varchar(255) DEFAULT NULL,
  `desc` text,
  PRIMARY KEY (`id`)
) ENGINE=InnoDB AUTO_INCREMENT=7 DEFAULT CHARSET=utf8;

/*Data for the table `divisions_filial` */

insert  into `divisions_filial`(`id`,`name`,`desc`) values (1,'004 - Худжанд',NULL),(2,'123',NULL),(3,'22',NULL),(4,'22222',NULL),(5,'22333',NULL),(6,'Филиал',NULL);

/*Table structure for table `divisions_mhb` */

DROP TABLE IF EXISTS `divisions_mhb`;

CREATE TABLE `divisions_mhb` (
  `id` int(11) NOT NULL AUTO_INCREMENT,
  `name` varchar(255) DEFAULT NULL,
  `desc` text,
  `id_divisions_filial` int(11) DEFAULT NULL,
  PRIMARY KEY (`id`)
) ENGINE=InnoDB AUTO_INCREMENT=4 DEFAULT CHARSET=utf8;

/*Data for the table `divisions_mhb` */

insert  into `divisions_mhb`(`id`,`name`,`desc`,`id_divisions_filial`) values (1,'123',NULL,NULL),(2,'222',NULL,NULL),(3,'ЦБО',NULL,NULL);

/*Table structure for table `divisions_otdel` */

DROP TABLE IF EXISTS `divisions_otdel`;

CREATE TABLE `divisions_otdel` (
  `id` int(11) NOT NULL AUTO_INCREMENT,
  `name` varchar(255) DEFAULT NULL,
  `desc` text,
  PRIMARY KEY (`id`)
) ENGINE=InnoDB AUTO_INCREMENT=3 DEFAULT CHARSET=utf8;

/*Data for the table `divisions_otdel` */

insert  into `divisions_otdel`(`id`,`name`,`desc`) values (1,'123',NULL),(2,'Департамент',NULL);

/*Table structure for table `fraud` */

DROP TABLE IF EXISTS `fraud`;

CREATE TABLE `fraud` (
  `id` int(11) NOT NULL AUTO_INCREMENT,
  `id_fraud_attr` int(11) DEFAULT NULL,
  `date1` date DEFAULT NULL,
  `id_fraud_actions` int(11) DEFAULT NULL,
  `desc` text,
  PRIMARY KEY (`id`)
) ENGINE=InnoDB AUTO_INCREMENT=20 DEFAULT CHARSET=utf8;

/*Data for the table `fraud` */

insert  into `fraud`(`id`,`id_fraud_attr`,`date1`,`id_fraud_actions`,`desc`) values (1,1,'2017-08-04',1,'1111'),(2,1,'2017-08-09',2,'321123'),(3,1,'2017-08-09',1,'123123'),(4,1,'2017-08-09',2,'123123'),(5,1,'2017-08-09',3,'1233'),(6,1,'2017-08-10',2,'12333333'),(7,1,'2017-08-11',NULL,'12333'),(8,1,'2017-08-11',2,'2222'),(9,7,'2017-08-11',NULL,'12333'),(10,7,'2017-08-11',27,'222'),(11,10,'2017-08-14',18,'123'),(12,3,'2017-08-14',27,'222'),(13,11,'2017-08-14',3,'16515'),(14,1,'2017-08-15',1,''),(15,1,'2017-08-15',1,''),(16,17,'2017-08-15',24,''),(17,12,'2017-08-15',4,'жядпорукщ'),(18,1,'2017-08-18',1,'12'),(19,23,'2017-08-21',1,'1231');

/*Table structure for table `fraud_actions` */

DROP TABLE IF EXISTS `fraud_actions`;

CREATE TABLE `fraud_actions` (
  `id` int(11) NOT NULL AUTO_INCREMENT,
  `name` varchar(255) DEFAULT NULL,
  PRIMARY KEY (`id`)
) ENGINE=InnoDB AUTO_INCREMENT=28 DEFAULT CHARSET=utf8;

/*Data for the table `fraud_actions` */

insert  into `fraud_actions`(`id`,`name`) values (1,'123'),(2,'22'),(3,'123'),(4,'12333333'),(5,'123'),(6,'123'),(7,'2222'),(8,'1111222'),(9,'22'),(10,'22'),(11,'123'),(12,'123'),(13,'123'),(14,'123'),(15,'123'),(16,'123'),(17,'123'),(18,'123'),(19,'123'),(20,'123'),(21,'123'),(22,'23'),(23,'123'),(24,'B23'),(25,'123'),(26,'123'),(27,'6666');

/*Table structure for table `fraud_attr` */

DROP TABLE IF EXISTS `fraud_attr`;

CREATE TABLE `fraud_attr` (
  `id` int(11) NOT NULL AUTO_INCREMENT,
  `date1` date DEFAULT NULL,
  `id_divisions_filial` int(11) DEFAULT NULL,
  `id_divisions_mhb` int(11) DEFAULT NULL,
  `id_divisions_otdel` int(11) DEFAULT NULL,
  `id_business_line` int(11) DEFAULT NULL,
  `id_risk_category` int(11) DEFAULT NULL,
  `id_risk_factor` int(11) DEFAULT NULL,
  `id_loss_type` int(11) DEFAULT NULL,
  `loss_amount_base` double DEFAULT NULL,
  `loss_amount_current` double DEFAULT NULL,
  `loss_amount_restored` double DEFAULT NULL,
  `loss_amount_fact` double DEFAULT NULL,
  `id_currency_rates` int(11) DEFAULT NULL,
  `loss_amount_base_tjs` double DEFAULT NULL,
  `loss_amount_current_tjs` double DEFAULT NULL,
  `loss_amount_restored_tjs` double DEFAULT NULL,
  `loss_amount_fact_tjs` double DEFAULT NULL,
  `responsible_person` text,
  `desc` text,
  PRIMARY KEY (`id`)
) ENGINE=InnoDB AUTO_INCREMENT=24 DEFAULT CHARSET=utf8;

/*Data for the table `fraud_attr` */

insert  into `fraud_attr`(`id`,`date1`,`id_divisions_filial`,`id_divisions_mhb`,`id_divisions_otdel`,`id_business_line`,`id_risk_category`,`id_risk_factor`,`id_loss_type`,`loss_amount_base`,`loss_amount_current`,`loss_amount_restored`,`loss_amount_fact`,`id_currency_rates`,`loss_amount_base_tjs`,`loss_amount_current_tjs`,`loss_amount_restored_tjs`,`loss_amount_fact_tjs`,`responsible_person`,`desc`) values (1,'2017-08-03',1,1,1,1,1,1,1,1,NULL,NULL,NULL,1,1,NULL,NULL,NULL,'	1','1'),(2,'2017-08-11',0,0,0,0,0,0,0,0,NULL,NULL,NULL,0,0,NULL,NULL,NULL,'',''),(3,'2017-08-11',2,2,1,1,1,1,1,123,NULL,NULL,NULL,3,123,NULL,NULL,NULL,'123','112'),(4,'2017-08-11',0,0,0,0,0,0,0,0,NULL,NULL,NULL,0,0,NULL,NULL,NULL,'',''),(5,'2017-08-11',0,0,0,0,0,0,0,0,NULL,NULL,NULL,0,0,NULL,NULL,NULL,'',''),(7,'2017-08-11',2,1,1,1,1,1,1,0,NULL,NULL,NULL,1,0,NULL,NULL,NULL,'',''),(8,'2017-08-11',5,2,1,1,1,1,1,33,NULL,NULL,NULL,2,23,NULL,NULL,NULL,'33','33'),(9,'2017-08-14',6,3,2,2,2,2,0,10,NULL,NULL,NULL,1,100,NULL,NULL,NULL,'1000','10000'),(10,'2017-08-14',6,3,2,2,2,3,3,10,NULL,NULL,NULL,1,100,NULL,NULL,NULL,'1000','10000'),(11,'2017-08-14',1,2,2,2,2,2,2,123123,NULL,NULL,NULL,2,123123,NULL,NULL,NULL,'1231231231','1111111111111111111111'),(12,'2017-08-15',1,1,1,1,1,1,1,0,NULL,NULL,NULL,1,0,NULL,NULL,NULL,'',''),(13,'2017-08-15',1,1,1,1,1,1,1,0,NULL,NULL,NULL,1,0,NULL,NULL,NULL,'',''),(14,'2017-08-15',1,1,1,1,1,1,1,0,NULL,NULL,NULL,1,0,NULL,NULL,NULL,'',''),(15,'2017-08-15',1,1,1,1,1,1,1,0,NULL,NULL,NULL,1,0,NULL,NULL,NULL,'',''),(16,'2017-08-15',1,1,1,1,1,1,1,0,NULL,NULL,NULL,1,0,NULL,NULL,NULL,'',''),(17,'2017-08-15',1,1,2,2,2,2,3,0,NULL,NULL,NULL,2,0,NULL,NULL,NULL,'',''),(18,'2017-08-21',1,1,1,1,1,1,1,10,10,6,4,8,5,5,3,2,'',''),(19,'2017-08-21',1,1,1,1,1,1,1,10,10,6,4,8,5,5,3,2,'',''),(20,'2017-08-21',1,1,1,1,1,1,1,10,10,6,4,8,5,5,3,2,'',''),(21,'2017-08-21',1,1,1,1,1,1,1,10,10,6,4,8,5,5,3,2,'',''),(22,'2017-08-21',1,1,1,1,1,1,1,10,10,6,4,8,2,5,3,2,'',''),(23,'2017-08-21',1,1,1,2,1,1,1,100,100,50,50,8,2,50,25,25,'123123','123123');

/*Table structure for table `loss_type` */

DROP TABLE IF EXISTS `loss_type`;

CREATE TABLE `loss_type` (
  `id` int(11) NOT NULL AUTO_INCREMENT,
  `name` varchar(255) DEFAULT NULL,
  `desc` text,
  PRIMARY KEY (`id`)
) ENGINE=InnoDB AUTO_INCREMENT=4 DEFAULT CHARSET=utf8;

/*Data for the table `loss_type` */

insert  into `loss_type`(`id`,`name`,`desc`) values (1,'123',NULL),(2,'56',NULL),(3,'Вид потерь',NULL);

/*Table structure for table `risk_category` */

DROP TABLE IF EXISTS `risk_category`;

CREATE TABLE `risk_category` (
  `id` int(11) NOT NULL AUTO_INCREMENT,
  `name` varchar(255) DEFAULT NULL,
  `desc` text,
  PRIMARY KEY (`id`)
) ENGINE=InnoDB AUTO_INCREMENT=3 DEFAULT CHARSET=utf8;

/*Data for the table `risk_category` */

insert  into `risk_category`(`id`,`name`,`desc`) values (1,'123',NULL),(2,'Вид риска',NULL);

/*Table structure for table `risk_factor` */

DROP TABLE IF EXISTS `risk_factor`;

CREATE TABLE `risk_factor` (
  `id` int(11) NOT NULL AUTO_INCREMENT,
  `name` varchar(255) DEFAULT NULL,
  `desc` text,
  PRIMARY KEY (`id`)
) ENGINE=InnoDB AUTO_INCREMENT=4 DEFAULT CHARSET=utf8;

/*Data for the table `risk_factor` */

insert  into `risk_factor`(`id`,`name`,`desc`) values (1,'123',NULL),(2,'Факторы риска',NULL),(3,'Факторы риска',NULL);

/*!40101 SET SQL_MODE=@OLD_SQL_MODE */;
/*!40014 SET FOREIGN_KEY_CHECKS=@OLD_FOREIGN_KEY_CHECKS */;
/*!40014 SET UNIQUE_CHECKS=@OLD_UNIQUE_CHECKS */;
/*!40111 SET SQL_NOTES=@OLD_SQL_NOTES */;
