/*
SQLyog Ultimate v12.09 (64 bit)
MySQL - 10.1.22-MariaDB : Database - dbr_limits
*********************************************************************
*/

/*!40101 SET NAMES utf8 */;

/*!40101 SET SQL_MODE=''*/;

/*!40014 SET @OLD_UNIQUE_CHECKS=@@UNIQUE_CHECKS, UNIQUE_CHECKS=0 */;
/*!40014 SET @OLD_FOREIGN_KEY_CHECKS=@@FOREIGN_KEY_CHECKS, FOREIGN_KEY_CHECKS=0 */;
/*!40101 SET @OLD_SQL_MODE=@@SQL_MODE, SQL_MODE='NO_AUTO_VALUE_ON_ZERO' */;
/*!40111 SET @OLD_SQL_NOTES=@@SQL_NOTES, SQL_NOTES=0 */;
CREATE DATABASE /*!32312 IF NOT EXISTS*/`dbr_limits` /*!40100 DEFAULT CHARACTER SET utf8 */;

USE `dbr_limits`;

/*Table structure for table `accounts` */

DROP TABLE IF EXISTS `accounts`;

CREATE TABLE `accounts` (
  `id` int(11) NOT NULL AUTO_INCREMENT,
  `code` varchar(255) DEFAULT NULL,
  `id_divisions` int(11) DEFAULT NULL,
  `id_currency` int(11) DEFAULT NULL,
  `id_accounts_cat` int(11) DEFAULT NULL,
  PRIMARY KEY (`id`)
) ENGINE=InnoDB AUTO_INCREMENT=1686 DEFAULT CHARSET=utf8;

/*Data for the table `accounts` */

insert  into `accounts`(`id`,`code`,`id_divisions`,`id_currency`,`id_accounts_cat`) values (1,'10117972000020000004',49,1,1),(2,'10119810000020000009',49,3,1),(3,'10119840800020000004',49,2,1),(4,'10119978400020000004',49,4,1),(5,'10117972300020000005',50,1,1),(6,'10119810100020000006',50,3,1),(7,'10119840100020000005',50,2,1),(8,'10119978700020000005',50,4,1),(9,'10117972100020000027',51,1,1),(10,'10119810300020000026',51,3,1),(11,'10119840600020000026',51,2,1),(12,'10119978900020000025',51,4,1),(13,'10117972300020000034',52,1,1),(14,'10119810500020000033',52,3,1),(15,'10119840800020000033',52,2,1),(16,'10119978100020000032',52,4,1),(17,'10117972400020000002',53,1,1),(18,'10119810900020000002',53,3,1),(19,'10119840200020000002',53,2,1),(20,'10119978800020000002',53,4,1),(21,'10117972700020000032',54,1,1),(22,'10119810900020000031',54,3,1),(23,'10119840200020000031',54,2,1),(24,'10119978500020000030',54,4,1),(25,'10117972400020000028',55,1,1),(26,'10119810600020000027',55,3,1),(27,'10119840900020000027',55,2,1),(28,'10119978200020000026',55,4,1),(29,'10117972800020000042',56,1,1),(30,'10119810000020000041',56,3,1),(31,'10119840300020000041',56,2,1),(32,'10119978600020000040',56,4,1),(33,'10117972400020000060',57,1,1),(34,'10119810500020000059',57,3,1),(35,'10119840800020000059',57,2,1),(36,'10119978100020000058',57,4,1),(37,'10117972300020000021',58,1,1),(38,'10119810500020000020',58,3,1),(39,'10119840800020000020',58,2,1),(40,'10119978000020000019',58,4,1),(41,'10117972600020000019',59,1,1),(42,'10119810800020000018',59,3,1),(43,'10119840100020000018',59,2,1),(44,'10119978400020000017',59,4,1),(45,'10117972100020000030',60,1,1),(46,'10119810200020000029',60,3,1),(47,'10119840500020000029',60,2,1),(48,'10119978800020000028',60,4,1),(49,'10117972900020000007',61,1,1),(50,'10119810500020000004',61,3,1),(51,'10119840700020000007',61,2,1),(52,'10119978300020000007',61,4,1),(53,'10117972500020000054',62,1,1),(54,'10119810700020000053',62,3,1),(55,'10119840000020000053',62,2,1),(56,'10119978300020000052',62,4,1),(57,'10117972800020000055',63,1,1),(58,'10119810000020000054',63,3,1),(59,'10119840300020000054',63,2,1),(60,'10119978600020000053',63,4,1),(61,'10117972200020000053',64,1,1),(62,'10119810400020000052',64,3,1),(63,'10119840700020000052',64,2,1),(64,'10119978000020000051',64,4,1),(65,'10117972000020100001',65,1,1),(66,'10119810500020100001',65,3,1),(67,'10119840800020100001',65,2,1),(68,'10119978400020100001',65,4,1),(69,'10117972200030000072',66,1,1),(70,'10119810700030000072',66,3,1),(71,'10119840000030000072',66,2,1),(72,'10119978600030000072',66,4,1),(73,'10117972600030000041',67,1,1),(74,'10119810100030000041',67,3,1),(75,'10119840400030000041',67,2,1),(76,'10119978000030000041',67,4,1),(77,'10117972800030000058',68,1,1),(78,'10119810300030000058',68,3,1),(79,'10119840600030000058',68,2,1),(80,'10119978200030000058',68,4,1),(81,'10117972100030000075',69,1,1),(82,'10119810600030000075',69,3,1),(83,'10119840900030000075',69,2,1),(84,'10119978500030000075',69,4,1),(85,'10117972000030000007',70,1,1),(86,'10119810500030000007',70,3,1),(87,'10119840800030000007',70,2,1),(88,'10119978400030000007',70,4,1),(89,'10117972300030000079',71,1,1),(90,'10119810800030000079',71,3,1),(91,'10119840100030000079',71,2,1),(92,'10119978700030000079',71,4,1),(93,'10117972500030000031',72,1,1),(94,'10119810000030000031',72,3,1),(95,'10119840300030000031',72,2,1),(96,'10119978900030000031',72,4,1),(97,'10117972200030000069',73,1,1),(98,'10119810700030000069',73,3,1),(99,'10119840000030000069',73,2,1),(100,'10119978600030000069',73,4,1),(101,'10117972400030000005',74,1,1),(102,'10119810900030000005',74,3,1),(103,'10119840200030000005',74,2,1),(104,'10119978800030000005',74,4,1),(105,'10117972200030000030',75,1,1),(106,'10119810700030000030',75,3,1),(107,'10119840000030000030',75,2,1),(108,'10119978600030000030',75,4,1),(109,'10117972700030000006',76,1,1),(110,'10119810200030000006',76,3,1),(111,'10119840500030000006',76,2,1),(112,'10119978100030000006',76,4,1),(113,'10117972100030000020',77,1,1),(114,'10119810600030000020',77,3,1),(115,'10119840900030000020',77,2,1),(116,'10119978500030000020',77,4,1),(117,'10117972600030000038',78,1,1),(118,'10119810100030000038',78,3,1),(119,'10119840400030000038',78,2,1),(120,'10119978000030000038',78,4,1),(121,'10117972600030000067',79,1,1),(122,'10119810100030000067',79,3,1),(123,'10119840400030000067',79,2,1),(124,'10117972700030000022',80,1,1),(125,'10119810200030000022',80,3,1),(126,'10119840500030000022',80,2,1),(127,'10119978100030000022',80,4,1),(128,'10117972600030000009',81,1,1),(129,'10119810100030000009',81,3,1),(130,'10119840400030000009',81,2,1),(131,'10119978000030000009',81,4,1),(132,'10117972500030000057',82,1,1),(133,'10119810000030000057',82,3,1),(134,'10119840300030000057',82,2,1),(135,'10119978900030000057',82,4,1),(136,'10117972200030000056',83,1,1),(137,'10119810700030000056',83,3,1),(138,'10119840000030000056',83,2,1),(139,'10119978600030000056',83,4,1),(140,'10117972800030000074',84,1,1),(141,'10119810300030000074',84,3,1),(142,'10119840600030000074',84,2,1),(143,'10119978200030000074',84,4,1),(144,'10117972500030000044',85,1,1),(145,'10119810000030000044',85,3,1),(146,'10119840300030000044',85,2,1),(147,'10119978900030000044',85,4,1),(148,'10117972300030000040',86,1,1),(149,'10119810800030000040',86,3,1),(150,'10119840100030000040',86,2,1),(151,'10119978700030000040',86,4,1),(152,'10117972300030000008',87,1,1),(153,'10119810800030000008',87,3,1),(154,'10119840100030000008',87,2,1),(155,'10119978700030000008',87,4,1),(156,'10117972900030000055',88,1,1),(157,'10119810400030000055',88,3,1),(158,'10119840700030000055',88,2,1),(159,'10119978300030000055',88,4,1),(160,'10117972500030000015',89,1,1),(161,'10119810000030000015',89,3,1),(162,'10119840300030000015',89,2,1),(163,'10119978900030000015',89,4,1),(164,'10117972400030000047',90,1,1),(165,'10119810900030000047',90,3,1),(166,'10119840200030000047',90,2,1),(167,'10119978800030000047',90,4,1),(168,'10117972000030000065',91,1,1),(169,'10119810500030000065',91,3,1),(170,'10119840800030000065',91,2,1),(171,'10117972000030000081',92,1,1),(172,'10119810500030000081',92,3,1),(173,'10119840800030000081',92,2,1),(174,'10119978400030000081',92,4,1),(175,'10117972900030000013',93,1,1),(176,'10119810400030000013',93,3,1),(177,'10119840700030000013',93,2,1),(178,'10119978300030000013',93,4,1),(179,'10117972100030000033',94,1,1),(180,'10119810600030000033',94,3,1),(181,'10119840900030000033',94,2,1),(182,'10119978500030000033',94,4,1),(183,'10117972100030000059',95,1,1),(184,'10119810600030000059',95,3,1),(185,'10119840900030000059',95,2,1),(186,'10119978500030000059',95,4,1),(187,'10117972700030000035',96,1,1),(188,'10119810900030000034',96,3,1),(189,'10119840200030000034',96,2,1),(190,'10119978800030000034',96,4,1),(191,'10117972700030000048',97,1,1),(192,'10119810200030000048',97,3,1),(193,'10119840500030000048',97,2,1),(194,'10119978100030000048',97,4,1),(195,'10117972500030000073',98,1,1),(196,'10119810000030000073',98,3,1),(197,'10119840300030000073',98,2,1),(198,'10119978900030000073',98,4,1),(199,'10117972400030000021',99,1,1),(200,'10119810900030000021',99,3,1),(201,'10119840200030000021',99,2,1),(202,'10119978800030000021',99,4,1),(203,'10117972900030000068',100,1,1),(204,'10119810400030000068',100,3,1),(205,'10119840700030000068',100,2,1),(206,'10119978300030000068',100,4,1),(207,'10117972200030000043',101,1,1),(208,'10119810700030000043',101,3,1),(209,'10119840000030000043',101,2,1),(210,'10119978600030000043',101,4,1),(211,'10117972800030000032',102,1,1),(212,'10119810300030000032',102,3,1),(213,'10119840600030000032',102,2,1),(214,'10119978200030000032',102,4,1),(215,'10117972400030000076',103,1,1),(216,'10119810900030000076',103,3,1),(217,'10119840200030000076',103,2,1),(218,'10119978800030000076',103,4,1),(219,'10117972700030000077',104,1,1),(220,'10119810200030000077',104,3,1),(221,'10119840500030000077',104,2,1),(222,'10119978100030000077',104,4,1),(223,'10117972800030000045',105,1,1),(224,'10119810300030000045',105,3,1),(225,'10119840600030000045',105,2,1),(226,'10119978200030000045',105,4,1),(227,'10117972700030000080',106,1,1),(228,'10119810200030000080',106,3,1),(229,'10119840500030000080',106,2,1),(230,'10119978100030000080',106,4,1),(231,'10117972400030000034',107,1,1),(232,'10119810200030000035',107,3,1),(233,'10119840500030000035',107,2,1),(234,'10119978100030000035',107,4,1),(235,'10117972500030000086',108,1,1),(236,'10119810000030000086',108,3,1),(237,'10119840300030000086',108,2,1),(238,'10117972600030000070',109,1,1),(239,'10119810100030000070',109,3,1),(240,'10119840400030000070',109,2,1),(241,'10117972000030000078',110,1,1),(242,'10119810500030000078',110,3,1),(243,'10119840800030000078',110,2,1),(244,'10119978400030000078',110,4,1),(245,'10117972600030000083',111,1,1),(246,'10119810100030000083',111,3,1),(247,'10119840400030000083',111,2,1),(248,'10119978000030000083',111,4,1),(249,'10117972900030000042',112,1,1),(250,'10119810400030000042',112,3,1),(251,'10119840700030000042',112,2,1),(252,'10119978300030000042',112,4,1),(253,'10117972700030000051',113,1,1),(254,'10119810200030000051',113,3,1),(255,'10119840500030000051',113,2,1),(256,'10119978100030000051',113,4,1),(257,'10117972000030000052',114,1,1),(258,'10119810500030000052',114,3,1),(259,'10119840800030000052',114,2,1),(260,'10119978400030000052',114,4,1),(261,'10117972200030000014',115,1,1),(262,'10119810700030000014',115,3,1),(263,'10119840000030000014',115,2,1),(264,'10119978600030000014',115,4,1),(265,'10117972300030000066',116,1,1),(266,'10119810800030000066',116,3,1),(267,'10119840100030000066',116,2,1),(268,'10119978700030000066',116,4,1),(269,'10117972900040000003',117,1,1),(270,'10119810100040000002',117,3,1),(271,'10119840400040000002',117,2,1),(272,'10119978000040000002',117,4,1),(273,'10117972100040000010',118,1,1),(274,'10119810200040000009',118,3,1),(275,'10119840500040000009',118,2,1),(276,'10119978100040000009',118,4,1),(277,'10117972400040000008',119,1,1),(278,'10119810600040000007',119,3,1),(279,'10119840900040000007',119,2,1),(280,'10119978500040000007',119,4,1),(281,'10117972700040000009',120,1,1),(282,'10119810900040000008',120,3,1),(283,'10119840200040000008',120,2,1),(284,'10119978800040000008',120,4,1),(285,'10117972200040000004',121,1,1),(286,'10119810400040000003',121,3,1),(287,'10119840700040000003',121,2,1),(288,'10119978300040000003',121,4,1),(289,'10117972200040100001',122,1,1),(290,'10119810700040100001',122,3,1),(291,'10119840000040100001',122,2,1),(292,'10119978600040100001',122,4,1),(293,'10117972400040000011',123,1,1),(294,'10119810600040000010',123,3,1),(295,'10119840900040000010',123,2,1),(296,'10119978500040000010',123,4,1),(297,'10117972500050000011',124,1,1),(298,'10119810000050000011',124,3,1),(299,'10119840300050000011',124,2,1),(300,'10119978200050000009',124,4,1),(301,'10117972200050000007',125,1,1),(302,'10119810700050000007',125,3,1),(303,'10119840000050000007',125,2,1),(304,'10119978000050000005',125,4,1),(305,'10117972300050100001',126,1,1),(306,'10119810800050100001',126,3,1),(307,'10119840100050100001',126,2,1),(308,'10117972600050000021',127,1,1),(309,'10119810100050000021',127,3,1),(310,'10119840400050000021',127,2,1),(311,'10119978700050000020',127,4,1),(312,'10117972300050000017',128,1,1),(313,'10119810500050000016',128,3,1),(314,'10119840100050000017',128,2,1),(315,'10119978100050000015',128,4,1),(316,'10117972700050000015',129,1,1),(317,'10119810100050000018',129,3,1),(318,'10119840500050000015',129,2,1),(319,'10119978700050000017',129,4,1),(320,'10117972300050000020',130,1,1),(321,'10119810800050000020',130,3,1),(322,'10119840100050000020',130,2,1),(323,'10119978300050000019',130,4,1),(324,'10117972700050000002',131,1,1),(325,'10119810200050000002',131,3,1),(326,'10119840500050000002',131,2,1),(327,'10119978100050000002',131,4,1),(328,'10117972400050000001',132,1,1),(329,'10119810900050000001',132,3,1),(330,'10119840200050000001',132,2,1),(331,'10119978800050000001',132,4,1),(332,'10117972700050000028',133,1,1),(333,'10119810200050000028',133,3,1),(334,'10119840500050000028',133,2,1),(335,'10117972200050000023',134,1,1),(336,'10119810700050000023',134,3,1),(337,'10119840000050000023',134,2,1),(338,'10117972400050000030',135,1,1),(339,'10119810900050000030',135,3,1),(340,'10119840200050000030',135,2,1),(341,'10119978400050000029',135,4,1),(342,'10117972900050000019',136,1,1),(343,'10119810400050000019',136,3,1),(344,'10119840700050000019',136,2,1),(345,'10119978000050000018',136,4,1),(346,'10117972900000000014',137,1,1),(347,'10119810400000000014',137,3,1),(348,'10119840700000000014',137,2,1),(349,'10117972200050000010',138,1,1),(350,'10119810700050000010',138,3,1),(351,'10119840000050000010',138,2,1),(352,'10119978900050000008',138,4,1),(353,'10117972300050000004',139,1,1),(354,'10119810800050000004',139,3,1),(355,'10119840100050000004',139,2,1),(356,'10119978700050000004',139,4,1),(357,'10117972100050000013',140,1,1),(358,'10119810600050000013',140,3,1),(359,'10119840900050000013',140,2,1),(360,'10117972600000000013',141,1,1),(361,'10119810100000000013',141,3,1),(362,'10119840400000000013',141,2,1),(363,'10119978400000000011',141,4,1),(364,'10117972300060000010',142,1,1),(365,'10119810800060000010',142,3,1),(366,'10119840100060000010',142,2,1),(367,'10119978300060000009',142,4,1),(368,'10117972000060000019',143,1,1),(369,'10119810500060000019',143,3,1),(370,'10119840800060000019',143,2,1),(371,'10119978100060000018',143,4,1),(372,'10117972700060000021',144,1,1),(373,'10119810200060000021',144,3,1),(374,'10119840500060000021',144,2,1),(375,'10117972400060000020',145,1,1),(376,'10119810900060000020',145,3,1),(377,'10119840200060000020',145,2,1),(378,'10119978400060000019',145,4,1),(379,'10117972600060000011',146,1,1),(380,'10119810100060000011',146,3,1),(381,'10119840400060000011',146,2,1),(382,'10117972900060000009',147,1,1),(383,'10119810100060000008',147,3,1),(384,'10119840700060000009',147,2,1),(385,'10119978000060000008',147,4,1),(386,'10117972200060000013',148,1,1),(387,'10119810700060000013',148,3,1),(388,'10119840000060000013',148,2,1),(389,'10117972900060000012',149,1,1),(390,'10119810400060000012',149,3,1),(391,'10119840700060000012',149,2,1),(392,'10119978000060000011',149,4,1),(393,'10117972400060000004',150,1,1),(394,'10119810600060000003',150,3,1),(395,'10119840200060000004',150,2,1),(396,'10119978500060000003',150,4,1),(397,'10117972800060000028',151,1,1),(398,'10119810300060000028',151,3,1),(399,'10119840600060000028',151,2,1),(400,'10119978900060000027',151,4,1),(401,'10117972600060000024',152,1,1),(402,'10119810100060000024',152,3,1),(403,'10119840400060000024',152,2,1),(404,'10119978700060000023',152,4,1),(405,'10117972000060000006',153,1,1),(406,'10119810200060000005',153,3,1),(407,'10119840800060000006',153,2,1),(408,'10119978100060000005',153,4,1),(409,'10117972300060000007',154,1,1),(410,'10119810500060000006',154,3,1),(411,'10119840100060000007',154,2,1),(412,'10119978400060000006',154,4,1),(413,'10117972500060000014',155,1,1),(414,'10119810000060000014',155,3,1),(415,'10119840300060000014',155,2,1),(416,'10119978600060000013',155,4,1),(417,'10117972100060000016',156,1,1),(418,'10119810600060000016',156,3,1),(419,'10119840900060000016',156,2,1),(420,'10119978200060000015',156,4,1),(421,'10117972300060000023',157,1,1),(422,'10119810800060000023',157,3,1),(423,'10119840100060000023',157,2,1),(424,'10119978400060000022',157,4,1),(425,'10117972700060000005',158,1,1),(426,'10119810900060000004',158,3,1),(427,'10119840500060000005',158,2,1),(428,'10119978800060000004',158,4,1),(429,'10117972100060000003',159,1,1),(430,'10119810300060000002',159,3,1),(431,'10119840900060000003',159,2,1),(432,'10119978200060000002',159,4,1),(433,'10117972000070000012',160,1,1),(434,'10119810500070000012',160,3,1),(435,'10119840800070000012',160,2,1),(436,'10119978400070000012',160,4,1),(437,'10117972900070000015',161,1,1),(438,'10119810100070000014',161,3,1),(439,'10119840400070000014',161,2,1),(440,'10119978000070000014',161,4,1),(441,'10117972800070000018',162,1,1),(442,'10119810000070000017',162,3,1),(443,'10119840300070000017',162,2,1),(444,'10119978900070000017',162,4,1),(445,'10117972100070000006',163,1,1),(446,'10119810300070000005',163,3,1),(447,'10119840600070000005',163,2,1),(448,'10119978200070000005',163,4,1),(449,'10117972500070000004',164,1,1),(450,'10119810700070000003',164,3,1),(451,'10119840000070000003',164,2,1),(452,'10119978600070000003',164,4,1),(453,'10117972000070000009',165,1,1),(454,'10119810900070000010',165,3,1),(455,'10119840200070000010',165,2,1),(456,'10119978800070000010',165,4,1),(457,'10117972700070000008',166,1,1),(458,'10119810200070000011',166,3,1),(459,'10119840500070000011',166,2,1),(460,'10119978100070000011',166,4,1),(461,'10117972400070000010',167,1,1),(462,'10119810600070000006',167,3,1),(463,'10119840900070000006',167,2,1),(464,'10119978500070000006',167,4,1),(465,'10117972200070000003',168,1,1),(466,'10119810400070000002',168,3,1),(467,'10119840700070000002',168,2,1),(468,'10119978300070000002',168,4,1),(469,'10117972100070000019',169,1,1),(470,'10119810300070000018',169,3,1),(471,'10119840600070000018',169,2,1),(472,'10119978200070000018',169,4,1),(473,'10117972700070000024',170,1,1),(474,'10119810900070000023',170,3,1),(475,'10119840200070000023',170,2,1),(476,'10119978800070000023',170,4,1),(477,'10117972100080000012',171,1,1),(478,'10119810300080000011',171,3,1),(479,'10119840600080000011',171,2,1),(480,'10119978400080000002',171,4,1),(481,'10117972600080000004',172,1,1),(482,'10119810100080000004',172,3,1),(483,'10119840400080000004',172,2,1),(484,'10117972900080000021',173,1,1),(485,'10119810700080000019',173,3,1),(486,'10119840000080000019',173,2,1),(487,'10117972800080000024',174,1,1),(488,'10119810700080000022',174,3,1),(489,'10119840000080000022',174,2,1),(490,'10117972700080000014',175,1,1),(491,'10119810900080000013',175,3,1),(492,'10119840200080000013',175,2,1),(493,'10117972900080000005',176,1,1),(494,'10119810400080000005',176,3,1),(495,'10119840700080000005',176,2,1),(496,'10117972500080000010',177,1,1),(497,'10119810600080000009',177,3,1),(498,'10119840900080000009',177,2,1),(499,'10117972000080000002',178,1,1),(500,'10119810500080000002',178,3,1),(501,'10119840800080000002',178,2,1),(502,'10117972700080000001',179,1,1),(503,'10119810200080000001',179,3,1),(504,'10119840500080000001',179,2,1),(505,'10117972300080000003',180,1,1),(506,'10119810800080000003',180,3,1),(507,'10119840100080000003',180,2,1),(508,'10117972700080000027',181,1,1),(509,'10119810300080000024',181,3,1),(510,'10119840600080000024',181,2,1),(511,'10117972200080000006',182,1,1),(512,'10119810700080000006',182,3,1),(513,'10119840000080000006',182,2,1),(514,'10117972900080000018',183,1,1),(515,'10119810800080000016',183,3,1),(516,'10119840100080000016',183,2,1),(517,'10117972000080000028',184,1,1),(518,'10119810600080000025',184,3,1),(519,'10119840900080000025',184,2,1),(520,'10117972800080000011',185,1,1),(521,'10119810000080000010',185,3,1),(522,'10119840300080000010',185,2,1),(523,'10117972200090000009',186,1,1),(524,'10119810700090000009',186,3,1),(525,'10119840000090000009',186,2,1),(526,'10119978600090000009',186,4,1),(527,'10117972400090000003',187,1,1),(528,'10119810900090000003',187,3,1),(529,'10119840200090000003',187,2,1),(530,'10119978800090000003',187,4,1),(531,'10117972800090000014',188,1,1),(532,'10119810300090000014',188,3,1),(533,'10119840600090000014',188,2,1),(534,'10117972800090000001',189,1,1),(535,'10119810300090000001',189,3,1),(536,'10119840600090000001',189,2,1),(537,'10119978200090000001',189,4,1),(538,'10117972900090000008',190,1,1),(539,'10119810400090000008',190,3,1),(540,'10119840700090000008',190,2,1),(541,'10119978300090000008',190,4,1),(542,'10117972100090000015',191,1,1),(543,'10119810600090000015',191,3,1),(544,'10119840900090000015',191,2,1),(545,'10119978500090000015',191,4,1),(546,'10117972900090000011',192,1,1),(547,'10119810400090000011',192,3,1),(548,'10119840700090000011',192,2,1),(549,'10119978300090000011',192,4,1),(550,'10117972600090000007',193,1,1),(551,'10119810100090000007',193,3,1),(552,'10119840400090000007',193,2,1),(553,'10119978000090000007',193,4,1),(554,'10117972600100000010',194,1,1),(555,'10119810300100000014',194,3,1),(556,'10119840600100000014',194,2,1),(557,'10119978200100000014',194,4,1),(558,'10117972600100000007',195,1,1),(559,'10119810900100000003',195,3,1),(560,'10119840200100000003',195,2,1),(561,'10119978800100000003',195,4,1),(562,'10117972000100000021',196,1,1),(563,'10119810200100000020',196,3,1),(564,'10119840500100000020',196,2,1),(565,'10117972700100000004',197,1,1),(566,'10119810700100000009',197,3,1),(567,'10119840000100000009',197,2,1),(568,'10119978600100000009',197,4,1),(569,'10117972900100000008',198,1,1),(570,'10119810800100000006',198,3,1),(571,'10119840100100000006',198,2,1),(572,'10119978700100000006',198,4,1),(573,'10117972200100000012',199,1,1),(574,'10119810700100000012',199,3,1),(575,'10119840000100000012',199,2,1),(576,'10119978600100000012',199,4,1),(577,'10117972100100000002',200,1,1),(578,'10119810200100000004',200,3,1),(579,'10119840500100000004',200,2,1),(580,'10119978100100000004',200,4,1),(581,'10117972500100000013',201,1,1),(582,'10119810400100000011',201,3,1),(583,'10119840700100000011',201,2,1),(584,'10119978300100000011',201,4,1),(585,'10117972900100000024',202,1,1),(586,'10119810100100000023',202,3,1),(587,'10119840400100000023',202,2,1),(588,'10117972900100000011',203,1,1),(589,'10119810100100000010',203,3,1),(590,'10119840400100000010',203,2,1),(591,'10119978000100000010',203,4,1),(592,'10117972700100000017',204,1,1),(593,'10119810900100000016',204,3,1),(594,'10119840200100000016',204,2,1),(595,'10119978800100000016',204,4,1),(596,'10117972000100000005',205,1,1),(597,'10119810400100000008',205,3,1),(598,'10119840700100000008',205,2,1),(599,'10119978300100000008',205,4,1),(600,'10117972800100000014',206,1,1),(601,'10119810000100000013',206,3,1),(602,'10119840300100000013',206,2,1),(603,'10119978900100000013',206,4,1),(604,'10117972600100000023',207,1,1),(605,'10119810800100000022',207,3,1),(606,'10119840100100000022',207,2,1),(607,'10117972000110000008',208,1,1),(608,'10119810500110000008',208,3,1),(609,'10119840800110000008',208,2,1),(610,'10119978400110000008',208,4,1),(611,'10117972300110000009',209,1,1),(612,'10119810800110000009',209,3,1),(613,'10119840100110000009',209,2,1),(614,'10119978700110000009',209,4,1),(615,'10117972200110000002',210,1,1),(616,'10119810700110000002',210,3,1),(617,'10119840000110000002',210,2,1),(618,'10119978600110000002',210,4,1),(619,'10117972900110000014',211,1,1),(620,'10119810400110000014',211,3,1),(621,'10119840700110000014',211,2,1),(622,'10117972000110000011',212,1,1),(623,'10119810500110000011',212,3,1),(624,'10119840800110000011',212,2,1),(625,'10117972100110000005',213,1,1),(626,'10119810600110000005',213,3,1),(627,'10119840900110000005',213,2,1),(628,'10119978500110000005',213,4,1),(629,'10117972400110000006',214,1,1),(630,'10119810900110000006',214,3,1),(631,'10119840200110000006',214,2,1),(632,'10119978800110000006',214,4,1),(633,'10117972700110000007',215,1,1),(634,'10119810200110000007',215,3,1),(635,'10119840500110000007',215,2,1),(636,'10119978100110000007',215,4,1),(637,'10117972700130000016',216,1,1),(638,'10119810900130000015',216,3,1),(639,'10119840200130000015',216,2,1),(640,'10119978800130000015',216,4,1),(641,'10117972500130000025',217,1,1),(642,'10119810700130000024',217,3,1),(643,'10119840000130000024',217,2,1),(644,'10117972800130000013',218,1,1),(645,'10119810000130000012',218,3,1),(646,'10119840300130000012',218,2,1),(647,'10119978900130000012',218,4,1),(648,'10117972100130000001',219,1,1),(649,'10119810600130000001',219,3,1),(650,'10119840900130000001',219,2,1),(651,'10119978500130000001',219,4,1),(652,'10117972900130000010',220,1,1),(653,'10119810000130000009',220,3,1),(654,'10119840300130000009',220,2,1),(655,'10119978900130000009',220,4,1),(656,'10117972900130000023',221,1,1),(657,'10119810100130000022',221,3,1),(658,'10119840400130000022',221,2,1),(659,'10117972600130000022',222,1,1),(660,'10119810800130000021',222,3,1),(661,'10119840100130000021',222,2,1),(662,'10117972200130000024',223,1,1),(663,'10119810400130000023',223,3,1),(664,'10119840700130000023',223,2,1),(665,'10117972100130000014',224,1,1),(666,'10119810300130000013',224,3,1),(667,'10119840600130000013',224,2,1),(668,'10119978200130000013',224,4,1),(669,'10117972400130000002',225,1,1),(670,'10119810900130000002',225,3,1),(671,'10119840200130000002',225,2,1),(672,'10119978800130000002',225,4,1),(673,'10117972000140000007',226,1,1),(674,'10119810200140000006',226,3,1),(675,'10119840500140000006',226,2,1),(676,'10119978100140000006',226,4,1),(677,'10117972000140000010',227,1,1),(678,'10119810500140000010',227,3,1),(679,'10119840800140000010',227,2,1),(680,'10119978000140000009',227,4,1),(681,'10117972400140000018',228,1,1),(682,'10119810900140000018',228,3,1),(683,'10119840200140000018',228,2,1),(684,'10119978500140000017',228,4,1),(685,'10117972800140000003',229,1,1),(686,'10119810300140000003',229,3,1),(687,'10119840600140000003',229,2,1),(688,'10119978200140000003',229,4,1),(689,'10117972300140000008',230,1,1),(690,'10119810800140000008',230,3,1),(691,'10119840100140000008',230,2,1),(692,'10119978400140000007',230,4,1),(693,'10117972600140000009',231,1,1),(694,'10119810100140000009',231,3,1),(695,'10119840400140000009',231,2,1),(696,'10119978700140000008',231,4,1),(697,'10117972600140000012',232,1,1),(698,'10119810100140000012',232,3,1),(699,'10119840400140000012',232,2,1),(700,'10117972400140000005',233,1,1),(701,'10119810900140000005',233,3,1),(702,'10119840200140000005',233,2,1),(703,'10119978800140000005',233,4,1),(704,'10117972000140000023',234,1,1),(705,'10119810900140000021',234,3,1),(706,'10119840200140000021',234,2,1),(707,'10119978500140000020',234,4,1),(708,'10117972300140000024',235,1,1),(709,'10119810500140000023',235,3,1),(710,'10119840800140000023',235,2,1),(711,'10117972100140000017',236,1,1),(712,'10119810600140000017',236,3,1),(713,'10119840900140000017',236,2,1),(714,'10119978200140000016',236,4,1),(715,'10117972100140000020',237,1,1),(716,'10119810100140000025',237,3,1),(717,'10119840400140000025',237,2,1),(718,'10119978700140000024',237,4,1),(719,'10117972500140000015',238,1,1),(720,'10119810000140000015',238,3,1),(721,'10119840300140000015',238,2,1),(722,'10119978600140000014',238,4,1),(723,'10117972300140000011',239,1,1),(724,'10119810800140000011',239,3,1),(725,'10119840100140000011',239,2,1),(726,'10119978400140000010',239,4,1),(727,'10117972200140000001',240,1,1),(728,'10119810700140000001',240,3,1),(729,'10119840000140000001',240,2,1),(730,'10119978600140000001',240,4,1),(731,'10117972900140000013',241,1,1),(732,'10119810400140000013',241,3,1),(733,'10119840700140000013',241,2,1),(734,'10119978000140000012',241,4,1),(735,'10117972500140000002',242,1,1),(736,'10119810000140000002',242,3,1),(737,'10119840300140000002',242,2,1),(738,'10119978900140000002',242,4,1),(739,'10117972100140000004',243,1,1),(740,'10119810600140000004',243,3,1),(741,'10119840900140000004',243,2,1),(742,'10119978500140000004',243,4,1),(743,'10117972100150000007',244,1,1),(744,'10119810300150000006',244,3,1),(745,'10119840600150000006',244,2,1),(746,'10119978200150000006',244,4,1),(747,'10117972700150000009',245,1,1),(748,'10119810900150000008',245,3,1),(749,'10119840200150000008',245,2,1),(750,'10119978800150000008',245,4,1),(751,'10117972600150000002',246,1,1),(752,'10119810100150000002',246,3,1),(753,'10119840400150000002',246,2,1),(754,'10119978000150000002',246,4,1),(755,'10117972000150000013',247,1,1),(756,'10119810500150000013',247,3,1),(757,'10119840800150000013',247,2,1),(758,'10119978400150000013',247,4,1),(759,'10117972900150000003',248,1,1),(760,'10119810700150000004',248,3,1),(761,'10119840000150000004',248,2,1),(762,'10119978600150000004',248,4,1),(763,'10117972800150000019',249,1,1),(764,'10119810000150000018',249,3,1),(765,'10119840300150000018',249,2,1),(766,'10119978900150000018',249,4,1),(767,'10117972100150000010',250,1,1),(768,'10119810200150000009',250,3,1),(769,'10119840500150000009',250,2,1),(770,'10119978100150000009',250,4,1),(771,'10117972300150000014',251,1,1),(772,'10119810200150000012',251,3,1),(773,'10119840500150000012',251,2,1),(774,'10119978100150000012',251,4,1),(775,'10117972900150000016',252,1,1),(776,'10119810100150000015',252,3,1),(777,'10119840400150000015',252,2,1),(778,'10119978000150000015',252,4,1),(779,'10117972500150000021',253,1,1),(780,'10119810700150000020',253,3,1),(781,'10119840000150000020',253,2,1),(782,'10119978600150000020',253,4,1),(783,'10117972400150000024',254,1,1),(784,'10119810600150000023',254,3,1),(785,'10119840900150000023',254,2,1),(786,'10119978500150000023',254,4,1),(787,'10117972200150000017',255,1,1),(788,'10119810400150000016',255,3,1),(789,'10119840700150000016',255,2,1),(790,'10119978300150000016',255,4,1),(791,'10117972600150000031',256,1,1),(792,'10119810800150000030',256,3,1),(793,'10119840100150000030',256,2,1),(794,'10119978700150000030',256,4,1),(795,'10117972300150000001',257,1,1),(796,'10119810800150000001',257,3,1),(797,'10119840100150000001',257,2,1),(798,'10119978700150000001',257,4,1),(799,'10117972400160000001',258,1,1),(800,'10119810900160000001',258,3,1),(801,'10119840200160000001',258,2,1),(802,'10119978800160000001',258,4,1),(803,'10117972000160000029',259,1,1),(804,'10119810200160000028',259,3,1),(805,'10119840500160000028',259,2,1),(806,'10119978100160000028',259,4,1),(807,'10117972800160000009',260,1,1),(808,'10119810000160000008',260,3,1),(809,'10119840300160000008',260,2,1),(810,'10119978900160000008',260,4,1),(811,'10117972700160000015',261,1,1),(812,'10119810900160000014',261,3,1),(813,'10119840200160000014',261,2,1),(814,'10119978800160000014',261,4,1),(815,'10117972800160000025',262,1,1),(816,'10119810000160000024',262,3,1),(817,'10119840300160000024',262,2,1),(818,'10119978900160000024',262,4,1),(819,'10117972800160000012',263,1,1),(820,'10119810000160000011',263,3,1),(821,'10119840300160000011',263,2,1),(822,'10119978900160000011',263,4,1),(823,'10117972700160000028',264,1,1),(824,'10119810900160000027',264,3,1),(825,'10119840200160000027',264,2,1),(826,'10119978800160000027',264,4,1),(827,'10117972400160000027',265,1,1),(828,'10119810600160000026',265,3,1),(829,'10119840900160000026',265,2,1),(830,'10119978500160000026',265,4,1),(831,'10117972000160000003',266,1,1),(832,'10119810500160000003',266,3,1),(833,'10119840800160000003',266,2,1),(834,'10119978400160000003',266,4,1),(835,'10117972800160100006',267,1,1),(836,'10119810300160100006',267,3,1),(837,'10119840600160100006',267,2,1),(838,'10119978200160100006',267,4,1),(839,'10117972600160000005',268,1,1),(840,'10119810100160000005',268,3,1),(841,'10119840400160000005',268,2,1),(842,'10119978000160000005',268,4,1),(843,'10117972900160100003',269,1,1),(844,'10119810400160100003',269,3,1),(845,'10119840700160100003',269,2,1),(846,'10119978300160100003',269,4,1),(847,'10117972600160000018',270,1,1),(848,'10119810800160000017',270,3,1),(849,'10119840100160000017',270,2,1),(850,'10119978700160000017',270,4,1),(851,'10117972900160000006',271,1,1),(852,'10119810400160000006',271,3,1),(853,'10119840700160000006',271,2,1),(854,'10119978300160000006',271,4,1),(855,'10117972100160000013',272,1,1),(856,'10119810300160000012',272,3,1),(857,'10119840600160000012',272,2,1),(858,'10119978200160000012',272,4,1),(859,'10117972600160000021',273,1,1),(860,'10119810800160000020',273,3,1),(861,'10119840100160000020',273,2,1),(862,'10119978700160000020',273,4,1),(863,'10117972300160100001',274,1,1),(864,'10119810800160100001',274,3,1),(865,'10119840100160100001',274,2,1),(866,'10119978700160100001',274,4,1),(867,'10117972200160000023',275,1,1),(868,'10119810400160000022',275,3,1),(869,'10119840700160000022',275,2,1),(870,'10119978300160000022',275,4,1),(871,'10117972500160100005',276,1,1),(872,'10119810000160100005',276,3,1),(873,'10119840300160100005',276,2,1),(874,'10119978900160100005',276,4,1),(875,'10117972600160100002',277,1,1),(876,'10119810100160100002',277,3,1),(877,'10119840400160100002',277,2,1),(878,'10119978000160100002',277,4,1),(879,'10117972200160100004',278,1,1),(880,'10119810700160100004',278,3,1),(881,'10119840000160100004',278,2,1),(882,'10119978600160100004',278,4,1),(883,'10117972400170000004',279,1,1),(884,'10119810900170000004',279,3,1),(885,'10119840200170000004',279,2,1),(886,'10119978800170000004',279,4,1),(887,'10117972300170000010',280,1,1),(888,'10119810800170000010',280,3,1),(889,'10119840100170000010',280,2,1),(890,'10117972000170000006',281,1,1),(891,'10119810500170000006',281,3,1),(892,'10119840800170000006',281,2,1),(893,'10119978400170000006',281,4,1),(894,'10117972200170000013',282,1,1),(895,'10119810700170000013',282,3,1),(896,'10119840000170000013',282,2,1),(897,'10119978600170000013',282,4,1),(898,'10117972700000000007',283,1,1),(899,'10119810200000000007',283,3,1),(900,'10119840500000000007',283,2,1),(901,'10119978100000000007',283,4,1),(902,'10117972800170000002',284,1,1),(903,'10119810300170000002',284,3,1),(904,'10119840600170000002',284,2,1),(905,'10119978200170000002',284,4,1),(906,'10117972000000000008',285,1,1),(907,'10119810500000000008',285,3,1),(908,'10119840800000000008',285,2,1),(909,'10119978400000000008',285,4,1),(910,'10117972500170000001',286,1,1),(911,'10119810000170000001',286,3,1),(912,'10119840300170000001',286,2,1),(913,'10119978900170000001',286,4,1),(914,'10117972600170000011',287,1,1),(915,'10119810100170000011',287,3,1),(916,'10119840400170000011',287,2,1),(917,'10119978000170000011',287,4,1),(918,'10117972800170000015',288,1,1),(919,'10119810300170000015',288,3,1),(920,'10119840600170000015',288,2,1),(921,'10117972000170000019',289,1,1),(922,'10119810500170000019',289,3,1),(923,'10119840800170000019',289,2,1),(924,'10119978400170000019',289,4,1),(925,'10117972900180000002',290,1,1),(926,'10119810400180000002',290,3,1),(927,'10119840700180000002',290,2,1),(928,'10119978300180000002',290,4,1),(929,'10117972400190000013',291,1,1),(930,'10119810600190000012',291,3,1),(931,'10119840900190000012',291,2,1),(932,'10119978500190000012',291,4,1),(933,'10117972700190000001',292,1,1),(934,'10119810200190000001',292,3,1),(935,'10119840500190000001',292,2,1),(936,'10119978100190000001',292,4,1),(937,'10117972000190000002',293,1,1),(938,'10119810500190000002',293,3,1),(939,'10119840800190000002',293,2,1),(940,'10119978400190000002',293,4,1),(941,'10117972300190000003',294,1,1),(942,'10119810800190000003',294,3,1),(943,'10119840100190000003',294,2,1),(944,'10119978700190000003',294,4,1),(945,'10117972600190000017',295,1,1),(946,'10119810800190000016',295,3,1),(947,'10119840100190000016',295,2,1),(948,'10117972800190000011',296,1,1),(949,'10119810000190000010',296,3,1),(950,'10119840300190000010',296,2,1),(951,'10119978900190000010',296,4,1),(952,'10117972900190000005',297,1,1),(953,'10119810100190000004',297,3,1),(954,'10119840400190000004',297,2,1),(955,'10119978000190000004',297,4,1),(956,'10117972700190000014',298,1,1),(957,'10119810900190000013',298,3,1),(958,'10119840200190000013',298,2,1),(959,'10119978800190000013',298,4,1),(960,'10117972500190000007',299,1,1),(961,'10119810700190000006',299,3,1),(962,'10119840000190000006',299,2,1),(963,'10119978600190000006',299,4,1),(964,'10117972500190000010',300,1,1),(965,'10119810600190000009',300,3,1),(966,'10119840900190000009',300,2,1),(967,'10119978500190000009',300,4,1),(968,'10117972100190000012',301,1,1),(969,'10119810300190000011',301,3,1),(970,'10119840600190000011',301,2,1),(971,'10119978200190000011',301,4,1),(972,'10117972800190000008',302,1,1),(973,'10119810000190000007',302,3,1),(974,'10119840300190000007',302,2,1),(975,'10117972200190000006',303,1,1),(976,'10119810400190000005',303,3,1),(977,'10119840700190000005',303,2,1),(978,'10119978300190000005',303,4,1),(979,'10117972100200000012',304,1,1),(980,'10119810300200000011',304,3,1),(981,'10119840600200000011',304,2,1),(982,'10119978200200000011',304,4,1),(983,'10117972000200000002',305,1,1),(984,'10119810500200000002',305,3,1),(985,'10119840800200000002',305,2,1),(986,'10119978400200000002',305,4,1),(987,'10117972800200000011',306,1,1),(988,'10119810000200000010',306,3,1),(989,'10119840300200000010',306,2,1),(990,'10119978900200000010',306,4,1),(991,'10117972300200000003',307,1,1),(992,'10119810800200000003',307,3,1),(993,'10119840100200000003',307,2,1),(994,'10119978700200000003',307,4,1),(995,'10117972600200000004',308,1,1),(996,'10119810100200000004',308,3,1),(997,'10119840400200000004',308,2,1),(998,'10119978000200000004',308,4,1),(999,'10117972800200000008',309,1,1),(1000,'10119810300200000008',309,3,1),(1001,'10119840600200000008',309,2,1),(1002,'10119978200200000008',309,4,1),(1003,'10117972700200000001',310,1,1),(1004,'10119810200200000001',310,3,1),(1005,'10119840500200000001',310,2,1),(1006,'10119978100200000001',310,4,1),(1007,'10117972900210000011',311,1,1),(1008,'10119810400210000011',311,3,1),(1009,'10119840700210000011',311,2,1),(1010,'10119978300210000011',311,4,1),(1011,'10117972700210100001',312,1,1),(1012,'10119810200210100001',312,3,1),(1013,'10119840500210100001',312,2,1),(1014,'10119978100210100001',312,4,1),(1015,'10117972500210000026',313,1,1),(1016,'10119810000210000026',313,3,1),(1017,'10119840300210000026',313,2,1),(1018,'10119978200210000027',313,4,1),(1019,'10117972800210000001',314,1,1),(1020,'10119810300210000001',314,3,1),(1021,'10119840600210000001',314,2,1),(1022,'10119978200210000001',314,4,1),(1023,'10117972800210000014',315,1,1),(1024,'10119810300210000014',315,3,1),(1025,'10119840600210000014',315,2,1),(1026,'10119978200210000014',315,4,1),(1027,'10117972700210000033',316,1,1),(1028,'10119810200210000033',316,3,1),(1029,'10119840500210000033',316,2,1),(1030,'10119978400210000034',316,4,1),(1031,'10117972100210000002',317,1,1),(1032,'10119810600210000002',317,3,1),(1033,'10119840900210000002',317,2,1),(1034,'10119978500210000002',317,4,1),(1035,'10117972400210000032',318,1,1),(1036,'10119810900210000032',318,3,1),(1037,'10119840200210000032',318,2,1),(1038,'10119978100210000033',318,4,1),(1039,'10117972000210000018',319,1,1),(1040,'10119810500210000018',319,3,1),(1041,'10119840800210000018',319,2,1),(1042,'10119978400210000018',319,4,1),(1043,'10117972600210000010',320,1,1),(1044,'10119810100210000010',320,3,1),(1045,'10119840400210000010',320,2,1),(1046,'10119978000210000010',320,4,1),(1047,'10117972400210000003',321,1,1),(1048,'10119810900210000003',321,3,1),(1049,'10119840200210000003',321,2,1),(1050,'10119978800210000003',321,4,1),(1051,'10117972500210000013',322,1,1),(1052,'10119810000210000013',322,3,1),(1053,'10119840300210000013',322,2,1),(1054,'10119978900210000013',322,4,1),(1055,'10117972000210000005',323,1,1),(1056,'10119810500210000005',323,3,1),(1057,'10119840800210000005',323,2,1),(1058,'10119978400210000005',323,4,1),(1059,'10117972000210000021',324,1,1),(1060,'10119810500210000021',324,3,1),(1061,'10119840800210000021',324,2,1),(1062,'10119978400210000021',324,4,1),(1063,'10117972300210000022',325,1,1),(1064,'10119810800210000022',325,3,1),(1065,'10119840100210000022',325,2,1),(1066,'10119978700210000022',325,4,1),(1067,'10117972600210000007',326,1,1),(1068,'10119810100210000007',326,3,1),(1069,'10119840400210000007',326,2,1),(1070,'10119978000210000007',326,4,1),(1071,'10117972700210000020',327,1,1),(1072,'10119810200210000020',327,3,1),(1073,'10119840500210000020',327,2,1),(1074,'10119978100210000020',327,4,1),(1075,'10117972300210000006',328,1,1),(1076,'10119810800210000006',328,3,1),(1077,'10119840100210000006',328,2,1),(1078,'10119978700210000006',328,4,1),(1079,'10117972300210000019',329,1,1),(1080,'10119810800210000019',329,3,1),(1081,'10119840100210000019',329,2,1),(1082,'10119978700210000019',329,4,1),(1083,'10117972900220000001',330,1,1),(1084,'10119810400220000001',330,3,1),(1085,'10119840700220000001',330,2,1),(1086,'10117972700220000007',331,1,1),(1087,'10119810200220000007',331,3,1),(1088,'10119840500220000007',331,2,1),(1089,'10117972100000000005',332,1,1),(1090,'10119810600000000005',332,3,1),(1091,'10119840900000000005',332,2,1),(1092,'10119978500000000005',332,4,1),(1093,'10117972400000000006',333,1,1),(1094,'10119810900000000006',333,3,1),(1095,'10119840200000000006',333,2,1),(1096,'10119978800000000006',333,4,1),(1097,'10117972500000000003',334,1,1),(1098,'10119810000000000003',334,3,1),(1099,'10119840300000000003',334,2,1),(1100,'10119978900000000003',334,4,1),(1101,'10117972900000000001',335,1,1),(1102,'10119810400000000001',335,3,1),(1103,'10119840700000000001',335,2,1),(1104,'10119978300000000001',335,4,1),(1105,'10117972200220000002',336,1,1),(1106,'10119810700220000002',336,3,1),(1107,'10119840000220000002',336,2,1),(1108,'10119978600220000002',336,4,1),(1109,'10117972800000000004',337,1,1),(1110,'10119810300000000004',337,3,1),(1111,'10119840600000000004',337,2,1),(1112,'10119978200000000004',337,4,1),(1113,'10117972700230000013',338,1,1),(1114,'10119810500230000014',338,3,1),(1115,'10119840800230000014',338,2,1),(1116,'10119978400230000014',338,4,1),(1117,'10117972400230000012',339,1,1),(1118,'10119810200230000013',339,3,1),(1119,'10119840500230000013',339,2,1),(1120,'10119978100230000013',339,4,1),(1121,'10117972100230000008',340,1,1),(1122,'10119810900230000009',340,3,1),(1123,'10119840200230000009',340,2,1),(1124,'10119978800230000009',340,4,1),(1125,'10117972200230000005',341,1,1),(1126,'10119810700230000005',341,3,1),(1127,'10119840000230000005',341,2,1),(1128,'10119978600230000005',341,4,1),(1129,'10117972900230000004',342,1,1),(1130,'10119810400230000004',342,3,1),(1131,'10119840700230000004',342,2,1),(1132,'10119978300230000004',342,4,1),(1133,'10117972900230100001',343,1,1),(1134,'10119810400230100001',343,3,1),(1135,'10119840700230100001',343,2,1),(1136,'10119978300230100001',343,4,1),(1137,'10117972000230000001',344,1,1),(1138,'10119810500230000001',344,3,1),(1139,'10119840800230000001',344,2,1),(1140,'10119978400230000001',344,4,1),(1141,'10117972600240000019',345,1,1),(1142,'10119810100240000019',345,3,1),(1143,'10119840400240000019',345,2,1),(1144,'10119978000240000019',345,4,1),(1145,'10117972300240100002',346,1,1),(1146,'10119810800240100002',346,3,1),(1147,'10119840100240100002',346,2,1),(1148,'10119978700240100002',346,4,1),(1149,'10117972900240000010',347,1,1),(1150,'10119810400240000010',347,3,1),(1151,'10119840700240000010',347,2,1),(1152,'10119978300240000010',347,4,1),(1153,'10117972800240000013',348,1,1),(1154,'10119810300240000013',348,3,1),(1155,'10119840600240000013',348,2,1),(1156,'10119978200240000013',348,4,1),(1157,'10117972100240000014',349,1,1),(1158,'10119810600240000014',349,3,1),(1159,'10119840900240000014',349,2,1),(1160,'10119978500240000014',349,4,1),(1161,'10117972700240000003',350,1,1),(1162,'10119810200240000003',350,3,1),(1163,'10119840500240000003',350,2,1),(1164,'10119978100240000003',350,4,1),(1165,'10117972500240000012',351,1,1),(1166,'10119810000240000012',351,3,1),(1167,'10119840300240000012',351,2,1),(1168,'10119978900240000012',351,4,1),(1169,'10117972700240000016',352,1,1),(1170,'10119810200240000016',352,3,1),(1171,'10119840500240000016',352,2,1),(1172,'10119978100240000016',352,4,1),(1173,'10117972000240100001',353,1,1),(1174,'10119810500240100001',353,3,1),(1175,'10119840800240100001',353,2,1),(1176,'10119978400240100001',353,4,1),(1177,'10117972400240000002',354,1,1),(1178,'10119810900240000002',354,3,1),(1179,'10119840200240000002',354,2,1),(1180,'10119978800240000002',354,4,1),(1181,'10117972300240000005',355,1,1),(1182,'10119810800240000005',355,3,1),(1183,'10119840100240000005',355,2,1),(1184,'10119978700240000005',355,4,1),(1185,'10117972100240000001',356,1,1),(1186,'10119810600240000001',356,3,1),(1187,'10119840900240000001',356,2,1),(1188,'10119978500240000001',356,4,1),(1189,'10117972300240000018',357,1,1),(1190,'10119810800240000018',357,3,1),(1191,'10119840100240000018',357,2,1),(1192,'10119978700240000018',357,4,1),(1193,'10117972900240000007',358,1,1),(1194,'10119810400240000007',358,3,1),(1195,'10119840700240000007',358,2,1),(1196,'10119978300240000007',358,4,1),(1197,'10117972200240000008',359,1,1),(1198,'10119810700240000008',359,3,1),(1199,'10119840000240000008',359,2,1),(1200,'10119978600240000008',359,4,1),(1201,'10117972500240000009',360,1,1),(1202,'10119810000240000009',360,3,1),(1203,'10119840300240000009',360,2,1),(1204,'10119978900240000009',360,4,1),(1205,'10117972100240000027',361,1,1),(1206,'10119810600240000027',361,3,1),(1207,'10119840900240000027',361,2,1),(1208,'10119978500240000027',361,4,1),(1209,'10117972600240000006',362,1,1),(1210,'10119810100240000006',362,3,1),(1211,'10119840400240000006',362,2,1),(1212,'10119978000240000006',362,4,1),(1213,'10117972200240000011',363,1,1),(1214,'10119810700240000011',363,3,1),(1215,'10119840000240000011',363,2,1),(1216,'10119978600240000011',363,4,1),(1217,'10117972000240000004',364,1,1),(1218,'10119810500240000004',364,3,1),(1219,'10119840800240000004',364,2,1),(1220,'10119978400240000004',364,4,1),(1221,'10117972101000100001',365,1,1),(1222,'10119810601000100001',365,3,1),(1223,'10119840901000100001',365,2,1),(1224,'10117972000010000014',366,1,1),(1225,'10119810800010000015',366,3,1),(1226,'10119840100010000015',366,2,1),(1227,'10119978700010000015',366,4,1),(1228,'10117972300010000015',367,1,1),(1229,'10119810500010000014',367,3,1),(1230,'10119840800010000014',367,2,1),(1231,'10119978400010000014',367,4,1),(1232,'10117972700010000026',368,1,1),(1233,'10119810900010000025',368,3,1),(1234,'10119840200010000025',368,2,1),(1235,'10119978700010000028',368,4,1),(1236,'10117972601000000012',369,1,1),(1237,'10119810101000000012',369,3,1),(1238,'10119840401000000012',369,2,1),(1239,'10119978701000000011',369,4,1),(1240,'10117972500010000006',370,1,1),(1241,'10119810300010000007',370,3,1),(1242,'10119840600010000007',370,2,1),(1243,'10119978200010000007',370,4,1),(1244,'10117972200010000021',371,1,1),(1245,'10119810400010000020',371,3,1),(1246,'10119840700010000020',371,2,1),(1247,'10119978900010000022',371,4,1),(1248,'10117972800010000010',372,1,1),(1249,'10119810600010000011',372,3,1),(1250,'10119840900010000011',372,2,1),(1251,'10119978500010000011',372,4,1),(1252,'10117972400010000012',373,1,1),(1253,'10119810200010000013',373,3,1),(1254,'10119840500010000013',373,2,1),(1255,'10119978100010000013',373,4,1),(1256,'10117972201000000001',374,1,1),(1257,'10119810701000000001',374,3,1),(1258,'10119840001000000001',374,2,1),(1259,'10119978601000000001',374,4,1),(1260,'10111972300020000001',26,1,2),(1261,'10111972200020100001',26,1,6),(1262,'10111972500020100002',26,1,5),(1263,'10111972800020100003',26,1,4),(1264,'10111972410020000001',26,1,3),(1265,'10115810400020000001',26,3,2),(1266,'10115810300020100001',26,3,4),(1267,'10115810810020000002',26,3,3),(1268,'10115840700020000001',26,2,2),(1269,'10115840600020100001',26,2,4),(1270,'10115840900020100002',26,2,5),(1271,'10115840810020000001',26,2,3),(1272,'10115978300020000001',26,4,2),(1273,'10115978200020100001',26,4,4),(1274,'10115978010020000003',26,4,3),(1275,'10111972400030000001',27,1,2),(1276,'10111972300030100001',27,1,4),(1277,'10111972600030100002',27,1,5),(1278,'10111972510030000001',27,1,3),(1279,'10115810500030000001',27,3,2),(1280,'10115810800030000031',27,3,4),(1281,'10115810910030000002',27,3,3),(1282,'10115840800030000001',27,2,2),(1283,'10115840100030000031',27,2,4),(1284,'10115840400030000032',27,2,5),(1285,'10115840910030000001',27,2,3),(1286,'10115978400030000001',27,4,2),(1287,'10115978700030000031',27,4,4),(1288,'10115978110030000003',27,4,3),(1289,'10111972500040000001',28,1,2),(1290,'10111972400040100001',28,1,4),(1291,'10111972700040100002',28,1,5),(1292,'10111972610040000001',28,1,3),(1293,'10115810600040000001',28,3,2),(1294,'10115810500040100001',28,3,4),(1295,'10115810010040000002',28,3,3),(1296,'10115840900040000001',28,2,2),(1297,'10115840800040100001',28,2,4),(1298,'10115840100040100002',28,2,5),(1299,'10115840010040000001',28,2,3),(1300,'10115978500040000001',28,4,2),(1301,'10115978400040100001',28,4,4),(1302,'10115978210040000003',28,4,3),(1303,'10111972600050000001',29,1,2),(1304,'10111972500050100001',29,1,5),(1305,'10111972800050100002',29,1,4),(1306,'10111972710050000001',29,1,3),(1307,'10115810700050000001',29,3,2),(1308,'10115810600050100001',29,3,4),(1309,'10115810110050000002',29,3,3),(1310,'10115840000050000001',29,2,2),(1311,'10115840900050100001',29,2,5),(1312,'10115840200050100002',29,2,4),(1313,'10115840110050000001',29,2,3),(1314,'10115978600050000001',29,4,2),(1315,'10115978500050100001',29,4,4),(1316,'10115978310050000003',29,4,3),(1317,'10115978310050000003',30,1,2),(1318,'10111972600060100001',30,1,4),(1319,'10111972900060100002',30,1,5),(1320,'10111972810060000001',30,1,3),(1321,'10115810800060000001',30,3,2),(1322,'10115810700060100001',30,3,4),(1323,'10115810210060000002',30,3,3),(1324,'10115840100060000001',30,2,2),(1325,'10115840000060100001',30,2,4),(1326,'10115840300060100002',30,2,5),(1327,'10115840210060000001',30,2,3),(1328,'10115978700060000001',30,4,2),(1329,'10115978600060100001',30,4,4),(1330,'10115978410060000003',30,4,3),(1331,'10111972800070000001',31,1,2),(1332,'10111972100070000002',31,1,3),(1333,'10111972000070100002',31,1,5),(1334,'10111972910070000001',31,1,4),(1335,'10115810900070000001',31,3,2),(1336,'10115810200070000002',31,3,3),(1337,'10115810310070000002',31,3,4),(1338,'10115840200070000001',31,2,2),(1339,'10115840500070000002',31,2,3),(1340,'10115840100070100001',31,2,5),(1341,'10115840310070000001',31,2,4),(1342,'10115978800070000001',31,4,2),(1343,'10115978100070000002',31,4,3),(1344,'10115978710070000007',31,4,4),(1345,'10111972900080000001',32,1,2),(1346,'10111972800080100001',32,1,4),(1347,'10111972100080100002',32,1,5),(1348,'10111972010080000001',32,1,3),(1349,'10115810000080000001',32,3,2),(1350,'10115810900080100001',32,3,4),(1351,'10115810110080000001',32,3,3),(1352,'10115840300080000001',32,2,2),(1353,'10115840200080100001',32,2,4),(1354,'10115840500080100002',32,2,5),(1355,'10115840710080000002',32,2,3),(1356,'10115978900080000001',32,4,2),(1357,'10115978800080100001',32,4,4),(1358,'10115978610080000003',32,4,3),(1359,'10111972000090000001',33,1,2),(1360,'10111972900090100001',33,1,4),(1361,'10111972200090100002',33,1,5),(1362,'10111972110090000001',33,1,3),(1363,'10115810100090000001',33,3,2),(1364,'10115810000090100001',33,3,4),(1365,'10115810510090000002',33,3,3),(1366,'10115840400090000001',33,2,2),(1367,'10115840300090100001',33,2,5),(1368,'10115840600090100002',33,2,4),(1369,'10115840510090000001',33,2,3),(1370,'10115978000090000001',33,4,2),(1371,'10115978900090100001',33,4,4),(1372,'10115978710090000003',33,4,3),(1373,'10111972000100000001',34,1,3),(1374,'10111972300100000002',34,1,2),(1375,'10111972600100000003',34,1,7),(1376,'10111972200100100002',34,1,5),(1377,'10111972500100100003',34,1,4),(1378,'10115810100100000001',34,3,3),(1379,'10115810400100000002',34,3,2),(1380,'10115810700100000003',34,3,7),(1381,'10115810000100100001',34,3,4),(1382,'10115840700100000002',34,2,3),(1383,'10115840000100000003',34,2,2),(1384,'10115840300100000004',34,2,7),(1385,'10115840300100100001',34,2,5),(1386,'10115840600100100002',34,2,4),(1387,'10115860600100000001',34,5,3),(1388,'10115860900100000002',34,5,2),(1389,'10115978600100000003',34,4,3),(1390,'10115978900100000004',34,4,2),(1391,'10115978200100000005',34,4,7),(1392,'10115978900100100001',34,4,4),(1393,'10111972100110000001',35,1,3),(1394,'10111972400110000002',35,1,2),(1395,'10111972000110100001',35,1,4),(1396,'10111972300110100002',35,1,5),(1397,'10115810200110000001',35,3,3),(1398,'10115810500110000002',35,3,2),(1399,'10115810100110100001',35,3,4),(1400,'10115840800110000002',35,2,3),(1401,'10115840100110000003',35,2,2),(1402,'10115840400110100001',35,2,4),(1403,'10115840700110100002',35,2,5),(1404,'10115978700110000003',35,4,3),(1405,'10115978000110000004',35,4,2),(1406,'10115978000110100001',35,4,4),(1407,'10111972300130000001',36,1,2),(1408,'10111972600130000002',36,1,3),(1409,'10111972200130100001',36,1,4),(1410,'10111972500130100002',36,1,5),(1411,'10115810400130000001',36,3,2),(1412,'10115810700130000002',36,3,3),(1413,'10115810300130100001',36,3,4),(1414,'10115840000130000002',36,2,2),(1415,'10115840300130000003',36,2,3),(1416,'10115840600130100001',36,2,4),(1417,'10115840900130100002',36,2,5),(1418,'10115978900130000003',36,4,2),(1419,'10115978200130000004',36,4,3),(1420,'10115978200130100001',36,4,4),(1421,'10111972400140000001',37,1,3),(1422,'10111972700140000002',37,1,2),(1423,'10111972300140100001',37,1,4),(1424,'10111972600140100002',37,1,5),(1425,'10115810500140000001',37,3,3),(1426,'10115810800140000002',37,3,2),(1427,'10115810400140100001',37,3,4),(1428,'10115840100140000002',37,2,3),(1429,'10115840400140000003',37,2,2),(1430,'10115840700140100001',37,2,4),(1431,'10115840000140100002',37,2,5),(1432,'10115978000140000003',37,4,3),(1433,'10115978300140000004',37,4,2),(1434,'10115978300140100001',37,4,4),(1435,'10111972500150000001',38,1,3),(1436,'10111972800150000002',38,1,2),(1437,'10111972400150100001',38,1,4),(1438,'10111972700150100002',38,1,5),(1439,'10115810600150000001',38,3,3),(1440,'10115810900150000002',38,3,2),(1441,'10115810500150100001',38,3,4),(1442,'10115840200150000002',38,2,3),(1443,'10115840500150000003',38,2,2),(1444,'10115840800150100001',38,2,4),(1445,'10115840100150100002',38,2,5),(1446,'10115978100150000003',38,4,3),(1447,'10115978400150000004',38,4,2),(1448,'10115978400150100001',38,4,4),(1449,'10111972600160000001',39,1,3),(1450,'10111972900160000002',39,1,2),(1451,'10111972500160100001',39,1,4),(1452,'10111972800160100002',39,1,5),(1453,'10115810700160000001',39,3,3),(1454,'10115810000160000002',39,3,2),(1455,'10115810600160100001',39,3,4),(1456,'10115840300160000002',39,2,3),(1457,'10115840600160000003',39,2,2),(1458,'10115840900160100001',39,2,4),(1459,'10115840200160100002',39,2,5),(1460,'10115978200160000003',39,4,3),(1461,'10115978500160000004',39,4,2),(1462,'10115978500160100001',39,4,4),(1463,'10111972700170000001',40,1,3),(1464,'10111972000170000002',40,1,2),(1465,'10111972600170100001',40,1,4),(1466,'10111972900170100002',40,1,5),(1467,'10115810800170000001',40,3,3),(1468,'10115810100170000002',40,3,2),(1469,'10115810700170100001',40,3,4),(1470,'10115840100170000001',40,2,3),(1471,'10115840400170000002',40,2,2),(1472,'10115840000170100001',40,2,4),(1473,'10115840300170100002',40,2,5),(1474,'10115978700170000001',40,4,3),(1475,'10115978000170000002',40,4,2),(1476,'10115978600170100001',40,4,4),(1477,'10111972800180000001',41,1,3),(1478,'10111972100180000002',41,1,2),(1479,'10111972700180100001',41,1,4),(1480,'10111972000180100002',41,1,5),(1481,'10115810900180000001',41,3,3),(1482,'10115810200180000002',41,3,2),(1483,'10115810800180100001',41,3,4),(1484,'10115840200180000001',41,2,3),(1485,'10115840500180000002',41,2,2),(1486,'10115840100180100001',41,2,4),(1487,'10115840400180100002',41,2,5),(1488,'10115978800180000001',41,4,3),(1489,'10115978100180000002',41,4,2),(1490,'10115978700180100001',41,4,4),(1491,'10111972900190000001',42,1,3),(1492,'10111972200190000002',42,1,2),(1493,'10111972800190100001',42,1,4),(1494,'10111972100190100002',42,1,5),(1495,'10115810000190000001',42,3,2),(1496,'10115810300190000002',42,3,3),(1497,'10115810900190100001',42,3,4),(1498,'10115840300190000001',42,2,2),(1499,'10115840600190000002',42,2,3),(1500,'10115840200190100001',42,2,4),(1501,'10115840500190100002',42,2,5),(1502,'10115978900190000001',42,4,2),(1503,'10115978200190000002',42,4,3),(1504,'10115978800190100001',42,4,4),(1505,'10111972900200000001',43,1,3),(1506,'10111972200200000002',43,1,2),(1507,'10111972800200100001',43,1,4),(1508,'10111972100200100002',43,1,5),(1509,'10115417500200000001',43,6,3),(1510,'10115417800200000002',43,6,2),(1511,'10115810000200000001',43,3,3),(1512,'10115810300200000002',43,3,2),(1513,'10115810900200100001',43,3,4),(1514,'10115840300200000001',43,2,3),(1515,'10115840600200000002',43,2,2),(1516,'10115840200200100001',43,2,4),(1517,'10115840500200100002',43,2,5),(1518,'10115860500200000001',43,5,3),(1519,'10115860800200000002',43,5,2),(1520,'10115978900200000001',43,4,3),(1521,'10115978200200000002',43,4,2),(1522,'10115978800200100001',43,4,4),(1523,'10111972000210000001',44,1,2),(1524,'10111972300210000002',44,1,3),(1525,'10111972900210100001',44,1,4),(1526,'10111972200210100002',44,1,5),(1527,'10115810100210000001',44,3,2),(1528,'10115810400210000002',44,3,3),(1529,'10115810000210100001',44,3,4),(1530,'10115840400210000001',44,2,2),(1531,'10115840700210000002',44,2,3),(1532,'10115840300210100001',44,2,4),(1533,'10115840600210100002',44,2,5),(1534,'10115978000210000001',44,4,2),(1535,'10115978300210000002',44,4,3),(1536,'10115978900210100001',44,4,4),(1537,'10111972100220000001',45,1,2),(1538,'10111972400220000002',45,1,3),(1539,'10111972000220100001',45,1,4),(1540,'10111972300220100002',45,1,5),(1541,'10115810200220000001',45,3,2),(1542,'10115810500220000002',45,3,3),(1543,'10115810100220100001',45,3,4),(1544,'10115840500220000001',45,2,2),(1545,'10115840800220000002',45,2,3),(1546,'10115840400220100001',45,2,4),(1547,'10115840700220100002',45,2,5),(1548,'10115978100220000001',45,4,2),(1549,'10115978400220000002',45,4,3),(1550,'10115978000220100001',45,4,4),(1551,'10111972200230000001',46,1,2),(1552,'10111972500230000002',46,1,3),(1553,'10111972100230100001',46,1,4),(1554,'10111972400230100002',46,1,5),(1555,'10115810300230000001',46,3,2),(1556,'10115810600230000002',46,3,3),(1557,'10115810200230100001',46,3,4),(1558,'10115840600230000001',46,2,2),(1559,'10115840900230000002',46,2,3),(1560,'10115840500230100001',46,2,4),(1561,'10115840800230100002',46,2,5),(1562,'10115978200230000001',46,4,2),(1563,'10115978500230000002',46,4,3),(1564,'10115978100230100001',46,4,4),(1565,'10111972300240000001',47,1,2),(1566,'10111972600240000002',47,1,3),(1567,'10111972200240100001',47,1,4),(1568,'10111972500240100002',47,1,5),(1569,'10115810400240000001',47,3,2),(1570,'10115810700240000002',47,3,3),(1571,'10115810300240100001',47,3,4),(1572,'10115840700240000001',47,2,2),(1573,'10115840000240000002',47,2,3),(1574,'10115840600240100001',47,2,4),(1575,'10115840900240100002',47,2,5),(1576,'10115978300240000001',47,4,2),(1577,'10115978600240000002',47,4,3),(1578,'10115978200240100001',47,4,4),(1579,'10111972100001000000',48,1,3),(1580,'10111972200010000001',48,1,2),(1581,'10111972401000000001',48,1,4),(1582,'10111972301000100001',48,1,5),(1583,'10115810800003000000',48,3,3),(1584,'10115810300010000001',48,3,2),(1585,'10115810501000000001',48,3,4),(1586,'10115810401000100001',48,3,5),(1587,'10115840500001000000',48,2,3),(1588,'10115840600010000001',48,2,2),(1589,'10115840801000000001',48,2,4),(1590,'10115840701000100001',48,2,5),(1591,'10115978000004000000',48,4,3),(1592,'10115978200010000001',48,4,2),(1593,'10115978401000000001',48,4,4),(1594,'10101972310020000001',26,1,1),(1595,'10105810710020000002',26,3,1),(1596,'10105840710020000001',26,2,1),(1597,'10105978910020000003',26,4,1),(1598,'10101972410030000001',27,1,1),(1599,'10105810810030000002',27,3,1),(1600,'10105840810030000001',27,2,1),(1601,'10105978010030000003',27,4,1),(1602,'10101972510040000001',28,1,1),(1603,'10105810610040000001',28,3,1),(1604,'10105840910040000001',28,2,1),(1605,'10105978810040000002',28,4,1),(1606,'10101972610050000001',29,1,1),(1607,'10105810710050000001',29,3,1),(1608,'10105840310050000002',29,2,1),(1609,'10105978210050000003',29,4,1),(1610,'10101972710060000001',30,1,1),(1611,'10105810810060000001',30,3,1),(1612,'10105840410060000002',30,2,1),(1613,'10105978310060000003',30,4,1),(1614,'10101972810070000001',31,1,1),(1615,'10105810210070000002',31,3,1),(1616,'10105840210070000001',31,2,1),(1617,'10105978410070000003',31,4,1),(1618,'10101972910080000001',32,1,1),(1619,'10105810310080000002',32,3,1),(1620,'10105840310080000001',32,2,1),(1621,'10105978110080000005',32,4,1),(1622,'10101972010090000001',33,1,1),(1623,'10105810410090000002',33,3,1),(1624,'10105840410090000001',33,2,1),(1625,'10105978210090000005',33,4,1),(1626,'10101972900100000001',34,1,1),(1627,'10105810000100000001',34,3,1),(1628,'10105840900100000003',34,2,1),(1629,'10105978100100000005',34,4,1),(1630,'10101972000110000001',35,1,1),(1631,'10105810100110000001',35,3,1),(1632,'10105840000110000003',35,2,1),(1633,'10105978200110000005',35,4,1),(1634,'10101972200130000001',36,1,1),(1635,'10105810300130000001',36,3,1),(1636,'10105840200130000003',36,2,1),(1637,'10105978400130000005',36,4,1),(1638,'10101972300140000001',37,1,1),(1639,'10105810400140000001',37,3,1),(1640,'10105840300140000003',37,2,1),(1641,'10105978500140000005',37,4,1),(1642,'10101972400150000001',38,1,1),(1643,'10105810500150000001',38,3,1),(1644,'10105840400150000003',38,2,1),(1645,'10105978600150000005',38,4,1),(1646,'10101972500160000001',39,1,1),(1647,'10105810600160000001',39,3,1),(1648,'10105840500160000003',39,2,1),(1649,'10105978700160000005',39,4,1),(1650,'10101972600170000001',40,1,1),(1651,'10105810700170000001',40,3,1),(1652,'10105840000170000001',40,2,1),(1653,'10105978600170000001',40,4,1),(1654,'10101972700180000001',41,1,1),(1655,'10105810800180000001',41,3,1),(1656,'10105840100180000001',41,2,1),(1657,'10105978700180000001',41,4,1),(1658,'10101972800190000001',42,1,1),(1659,'10105810900190000001',42,3,1),(1660,'10105840200190000001',42,2,1),(1661,'10105978800190000001',42,4,1),(1662,'10101972800200000001',43,1,1),(1663,'10105810900200000001',43,3,1),(1664,'10105840200200000001',43,2,1),(1665,'10105978800200000001',43,4,1),(1666,'10101972200210000002',44,1,1),(1667,'10105810300210000002',44,3,1),(1668,'10105840600210000002',44,2,1),(1669,'10105978200210000002',44,4,1),(1670,'10101972000000000001',45,1,1),(1671,'10105810100000000001',45,3,1),(1672,'10105840400000000001',45,2,1),(1673,'10105978000000000001',45,4,1),(1674,'10101972100230000001',46,1,1),(1675,'10105810200230000001',46,3,1),(1676,'10105840500230000001',46,2,1),(1677,'10105978100230000001',46,4,1),(1678,'10101972200240000001',47,1,1),(1679,'10105810300240000001',47,3,1),(1680,'10105840600240000001',47,2,1),(1681,'10105978200240000001',47,4,1),(1682,'10101972000001000000',48,1,1),(1683,'10105810100001000000',48,3,1),(1684,'10105840400001000000',48,2,1),(1685,'10105978300002000000',48,4,1);

/*Table structure for table `divisions` */

DROP TABLE IF EXISTS `divisions`;

CREATE TABLE `divisions` (
  `id` int(11) NOT NULL AUTO_INCREMENT,
  `date_start` date DEFAULT NULL,
  `date_end` date DEFAULT NULL,
  `code` varchar(255) DEFAULT NULL,
  `id_category` int(11) DEFAULT NULL,
  `name_address` text,
  `desc_address` text,
  `distance` double DEFAULT NULL,
  `id_inside_filial` int(11) DEFAULT NULL,
  `id_feed` int(11) DEFAULT NULL,
  `id_storage` int(11) DEFAULT NULL,
  `id_divisions` int(11) DEFAULT NULL,
  `id_status` int(11) DEFAULT NULL,
  PRIMARY KEY (`id`),
  FULLTEXT KEY `code` (`code`)
) ENGINE=InnoDB AUTO_INCREMENT=375 DEFAULT CHARSET=utf8;

/*Data for the table `divisions` */

insert  into `divisions`(`id`,`date_start`,`date_end`,`code`,`id_category`,`name_address`,`desc_address`,`distance`,`id_inside_filial`,`id_feed`,`id_storage`,`id_divisions`,`id_status`) values (1,'1993-01-01',NULL,'001',1,' \" \"','. , .  135',0,1,1,1,1,2),(2,'1993-01-01',NULL,'001-001',1,' \" \"  . ()','',0,1,1,1,1,2),(3,'1993-01-01',NULL,'001-002',2,'  \" \"  . ','',0,1,1,1,1,2),(4,'1993-01-01',NULL,'001-003',2,'  \" \"  . -1','',0,1,1,1,1,2),(5,'1993-01-01',NULL,'001-004',2,'  \" \"  . ','',0,1,1,1,1,2),(6,'1993-01-01',NULL,'001-005',2,'  \" \"  . ','',0,1,1,1,1,2),(7,'1993-01-01',NULL,'001-006',2,'  \" \"  . ','',0,1,1,1,1,2),(8,'1993-01-01',NULL,'001-007',2,'  \" \"  . ','',0,1,1,1,1,2),(9,'1993-01-01',NULL,'001-008',2,'  \" \"  . ','',0,1,1,1,1,2),(10,'1993-01-01',NULL,'001-009',2,'  \" \"  . ','',0,1,1,1,1,2),(11,'1993-01-01',NULL,'001-010',2,'  \" \"  . ','',0,1,1,1,1,2),(12,'1993-01-01',NULL,'001-011',2,'  \" \"  . ','',0,1,1,1,1,2),(13,'1993-01-01',NULL,'001-013',2,'  \" \"  . . ','',0,1,1,1,1,2),(14,'1993-01-01',NULL,'001-014',2,'  \" \"  . ','',0,1,1,1,1,2),(15,'1993-01-01',NULL,'001-015',2,'  \" \"  . ','',0,1,1,1,1,2),(16,'1993-01-01',NULL,'001-016',2,'  \" \"  . ','',0,1,1,1,1,2),(17,'1993-01-01',NULL,'001-017',2,'  \" \"  . ','',0,1,1,1,1,2),(18,'1993-01-01',NULL,'001-018',2,'  \" \"  . -2','',0,1,1,1,1,2),(19,'1993-01-01',NULL,'001-019',2,'  \" \"  . ','',0,1,1,1,1,2),(20,'1993-01-01',NULL,'001-020',2,'  \" \"  . . ','',0,1,1,1,1,2),(21,'1993-01-01',NULL,'001-021',2,'  \" \"  . ','',0,1,1,1,1,2),(22,'1993-01-01',NULL,'001-022',2,'  \" \"  . ','',0,1,1,1,1,2),(23,'1993-01-01',NULL,'001-023',2,'  \" \"  . ','',0,1,1,1,1,2),(24,'1993-01-01',NULL,'001-024',2,'  \" \"  . ','',0,1,1,1,1,2),(25,'1993-01-01',NULL,'001-100',2,'   \" \"  . ','',0,1,1,1,1,2),(26,'1993-01-01',NULL,'002101',3,'   \" \"  . ','',0,2,2,1,3,2),(27,'1993-01-01',NULL,'003101',3,'   \" \"  . -1','',0,2,2,1,4,2),(28,'1993-01-01',NULL,'004101',3,'   \" \"  . ','',0,2,2,1,5,2),(29,'1993-01-01',NULL,'005101',3,'   \" \"  . ','',0,2,2,1,6,2),(30,'1993-01-01',NULL,'006101',3,'   \" \"  . ','',0,2,2,1,7,2),(31,'1993-01-01',NULL,'007101',3,'   \" \"  . ','',0,2,2,1,8,2),(32,'1993-01-01',NULL,'008101',3,'   \" \"  . ','',0,2,2,1,9,2),(33,'1993-01-01',NULL,'009101',3,'   \" \"  . ','',0,2,2,1,10,2),(34,'1993-01-01',NULL,'010101',3,'   \" \"  . ','',0,2,2,1,11,2),(35,'1993-01-01',NULL,'011101',3,'   \" \"  . ','',0,2,2,1,12,2),(36,'1993-01-01',NULL,'013101',3,'   \" \"  . . ','',0,2,2,1,13,2),(37,'1993-01-01',NULL,'014101',3,'   \" \"  . ','',0,2,2,1,14,2),(38,'1993-01-01',NULL,'015101',3,'   \" \"  . ','',0,2,2,1,15,2),(39,'1993-01-01',NULL,'016101',3,'   \" \"  . ','',0,2,2,1,16,2),(40,'1993-01-01',NULL,'017101',3,'   \" \"  . ','',0,2,2,1,17,2),(41,'1993-01-01',NULL,'018101',3,'   \" \"  . -2','',0,2,2,1,18,2),(42,'1993-01-01',NULL,'019101',3,'   \" \"  . ','',0,2,2,1,19,2),(43,'1993-01-01',NULL,'020101',3,'   \" \"  . . ','',0,2,2,1,20,2),(44,'1993-01-01',NULL,'021101',3,'   \" \"  . ','',0,2,2,1,21,2),(45,'1993-01-01',NULL,'022101',3,'   \" \"  . ','',0,2,2,1,22,2),(46,'1993-01-01',NULL,'023101',3,'   \" \"  . ','',0,2,2,1,23,2),(47,'1993-01-01',NULL,'024101',3,'   \" \"  . ','',0,2,2,1,24,2),(48,'1993-01-01',NULL,'100101',3,'    \" \"  . ','',0,2,2,1,25,2),(49,'2015-07-23',NULL,'002201',4,' . ..-16 ()','',0,2,2,1,3,2),(50,'2007-02-27',NULL,'002203',4,'  . . .  77 (5)','',5,1,1,1,3,2),(51,'2012-01-09',NULL,'002204',4,' \"\" . , . -23 (7)','',7,1,1,1,3,2),(52,'2013-02-11',NULL,'002205',4,' \" \" . .-36 (1.3 )','',1.3,1,1,1,3,2),(53,'2010-02-08',NULL,'002206',4,'  \"\" ., .  / (6)','',6,1,1,1,3,2),(54,'2016-07-28',NULL,'002207',4,'  . ,   179 (9 )','',9,1,1,1,3,2),(55,'2012-03-07',NULL,'002208',4,' . ,  , . . 18 (9)','',9,1,1,1,3,2),(56,'2013-08-03',NULL,'002209',4,' . , . .  - 3  \"\" (8)','',8,1,1,1,3,2),(57,'2016-10-03',NULL,'002210',4,' . , .  - 5  (8,4 )','',8.4,1,1,1,3,2),(58,'2011-05-25',NULL,'002211',4,' . , . . - 89/1 (5)','',5,1,1,1,3,2),(59,'2011-04-06',NULL,'002212',4,' - , . , .  3-153 (5)','',5,1,1,1,3,2),(60,'2012-05-14',NULL,'002213',4,' - , .  (8)','',8,1,1,1,3,2),(61,'2006-12-12',NULL,'002214',4,' ., . (  165) (8 )','',8,1,1,1,3,2),(62,'2014-06-09',NULL,'002215',4,' - , . . - 61/2 (4 )','',4,1,1,1,3,2),(63,'2016-10-03',NULL,'002216',4,' - , .  3/1 (7,5 )','',7.5,1,1,1,3,2),(64,'2014-02-04',NULL,'002217',4,' - , . . - 86/1 (4)','',4,1,1,1,3,2),(65,'2017-05-15',NULL,'002218',4,' . , . . - 19 (1)','',1,1,1,1,3,2),(66,'2014-07-21',NULL,'003201',4,' . .  9 ()','',0,2,2,1,4,2),(67,'2015-01-06',NULL,'003202',4,' \" \" (2) .  / (3.5)','',3.5,1,1,1,4,2),(68,'2015-01-06',NULL,'003203',4,' ., . 35/1 (17)','',17,1,1,1,4,2),(69,'2014-07-08',NULL,'003204',4,'  .  , ., .  (15)','',15,1,1,1,4,2),(70,'2014-05-05',NULL,'003205',4,' .,  .  - 31 (1)','',1,1,1,1,4,2),(71,'2014-09-24',NULL,'003206',4,' .,  \" \" (3) (3)','',3,1,1,1,4,2),(72,'2014-09-16',NULL,'003207',4,' .,  \" \" (1) (3)','',3,1,1,1,4,2),(73,'2014-09-01',NULL,'003208',4,' ., .  - 18  (2,5)','',2.5,1,1,1,4,2),(74,'2015-01-06',NULL,'003209',4,' ., .  - 36 (3,5)','',3.5,1,1,1,4,2),(75,'2012-11-21',NULL,'003210',4,' ., .  - 16 (2)','',2,1,1,1,4,2),(76,'2009-09-12',NULL,'003211',4,' ., .  - 38  (3,2)','',3.2,1,1,1,4,2),(77,'2011-03-18',NULL,'003212',4,' ., . . 1 (1,5)','',1.5,1,1,1,4,2),(78,'2013-03-24',NULL,'003213',4,' . ., .  (40)','',40,1,1,2,4,2),(79,'2014-03-13',NULL,'003214',4,' . ., . -33 (37)','',37,1,1,2,4,2),(80,'2011-03-18',NULL,'003215',4,' . ., . /  \"\" (38)','',38,1,1,2,4,2),(81,'2007-04-24',NULL,'003216',4,' . ., . - 14 (39)','',39,1,1,2,4,2),(82,'2015-01-06',NULL,'003217',4,' . ., . -5 (37)','',37,1,1,2,4,2),(83,'2014-11-25',NULL,'003218',4,' . .,. - 20 (38)','',38,1,1,2,4,2),(84,'2014-07-08',NULL,'003219',4,' . , . , ..-1 (8)','',8,1,1,1,4,2),(85,'2014-12-30',NULL,'003220',4,' . , . . - /  \"\" (10)','',10,1,1,1,4,2),(86,'2015-01-06',NULL,'003221',4,' .  .  - 62 (19.5 )\r\n','',21,1,1,2,4,2),(87,'2007-04-18',NULL,'003222',4,' . , .  - 13 (19)','',19,1,1,2,4,2),(88,'2014-12-30',NULL,'003223',4,' . ,    48 (19,7)','',19.7,1,1,2,4,2),(89,'2015-01-06',NULL,'003224',4,' . , .  - 26/2 (79)','',79,1,1,2,4,2),(90,'2014-11-25',NULL,'003225',4,' . , . / (76)','',76,1,1,2,4,2),(91,'2014-03-11',NULL,'003226',4,' . , .. - 1  (75)','',75,1,1,2,4,2),(92,'2014-10-15',NULL,'003227',4,' . , .  - 35 (81)','',81,1,1,2,4,2),(93,'2008-06-06',NULL,'003228',4,' . , .  48 (83)','',83,1,1,2,4,2),(94,'2012-06-25',NULL,'003229',4,' . , .  / (82)','',82,1,1,2,4,2),(95,'2015-01-06',NULL,'003230',4,' . , . . / (80)','',80,1,1,2,4,2),(96,'2012-06-25',NULL,'003231',4,' . , .  .  62 (21)','',21,1,1,1,4,2),(97,'2015-01-06',NULL,'003232',4,' . , .  - / (43)','',43,1,1,2,4,2),(98,'2014-04-09',NULL,'003233',4,' . ., .  (50 )','',50,1,1,2,4,2),(99,'2011-03-18',NULL,'003234',4,' . ., .  - 14 (35)','',35,1,1,2,4,2),(100,'2014-06-05',NULL,'003235',4,' . ., . . - 12 (36)','',36,1,1,2,4,2),(101,'2015-01-06',NULL,'003236',4,' . ., . . 19 (36)','',36,1,1,2,4,2),(102,'2014-06-05',NULL,'003237',4,' . ., . . 21 (36)','',36,1,1,2,4,2),(103,'2014-07-08',NULL,'003238',4,' . ., .  - 20 (37)','',37,1,1,2,4,2),(104,'2014-08-13',NULL,'003239',4,' . , ., .  (49)','',49,1,1,2,4,2),(105,'2015-01-06',NULL,'003240',4,' . , /  , .  (44)','',44,1,1,2,4,2),(106,'2014-10-15',NULL,'003241',4,' . , . .     \"\" (48)','',48,1,1,2,4,2),(107,'2012-06-25',NULL,'003242',4,' . , . ,    (47)','',47,1,1,2,4,2),(108,'2015-05-04',NULL,'003243',4,' ., . 17 (3,5 )','',3.5,1,1,1,4,2),(109,'2014-07-08',NULL,'003244',4,' . ,    - 55 (11)','',11,1,1,1,4,2),(110,'2014-08-13',NULL,'003245',4,' . , . . - 43 (18,5)','',18.5,1,1,2,4,2),(111,'2015-04-27',NULL,'003246',4,' . ,  \"\" (1) (82)','',82,1,1,2,4,2),(112,'2015-01-06',NULL,'003247',4,' . , . . /  (99)','',99,1,1,2,4,2),(113,'2014-08-01',NULL,'003248',4,' . , . . / (95)','',95,1,1,2,4,2),(114,'2014-08-01',NULL,'003249',4,' . , . .,  \"\" (97)','',97,1,1,2,4,2),(115,'2014-11-25',NULL,'003250',4,' . , .   - 28 (98)','',98,1,1,2,4,2),(116,'2014-10-15',NULL,'003251',4,' . , . /  (96)','',96,1,1,2,4,2),(117,'2015-07-23',NULL,'004201',4,' . , . . - 40 ()','',0,2,2,1,5,2),(118,'2015-07-03',NULL,'004202',4,' . , . . - 10 (1.2)','',1.2,1,1,1,5,2),(119,'2015-07-03',NULL,'004203',4,' . , . . - 56 (0,5)','',0.5,1,1,1,5,2),(120,'2015-07-03',NULL,'004204',4,' . , . . - 72 (0.52)','',0.52,1,1,1,5,2),(121,'2015-07-03',NULL,'004205',4,' . , . . - 81 (1)','',1,1,1,1,5,2),(122,'2016-03-31',NULL,'004206',4,' . , . . - 10 ( ) (1,2)','',1.2,1,1,1,5,2),(123,'2015-07-03',NULL,'004207',4,' . ., .  - 54 (5,5)','',5.5,1,1,1,5,2),(124,'2002-02-04',NULL,'005201',4,' . , .  12 ()','',0,2,2,1,6,2),(125,'2011-09-14',NULL,'005202',4,' .  \" \" (1,3)','',1.3,1,1,1,6,2),(126,'2016-11-17',NULL,'005203',4,' .    \"\" (1,2 )','',1.2,1,1,1,6,2),(127,'2014-07-15',NULL,'005204',4,' . , \" \" (1,3)','',1.3,1,1,1,6,2),(128,'2013-05-21',NULL,'005205',4,' . , . .  - 12  (1,5)','',1.5,1,1,1,6,2),(129,'2011-09-14',NULL,'005206',4,' . , . .   5 \"\" (1.5)','',1.5,1,1,1,6,2),(130,'2014-09-15',NULL,'005207',4,' . , .   - 2  (1,2)','',1.2,1,1,1,6,2),(131,'2008-03-01',NULL,'005208',4,' . , .  /  (1,2)','',1.2,1,1,1,6,2),(132,'2006-03-01',NULL,'005209',4,' . , .  - 112  (1)','',1,1,1,1,6,2),(133,'2015-01-05',NULL,'005210',4,' . , .  - 130 (0,8)','',0.8,1,1,1,6,2),(134,'2014-11-28',NULL,'005211',4,' . , .   - /  (1,5)','',1.5,1,1,1,6,2),(135,'2015-02-20',NULL,'005212',4,' .    - 1  () (130)','',130,1,1,2,6,2),(136,'2014-09-15',NULL,'005213',4,' . , . - 25  (100)','',100,1,1,2,6,2),(137,'2014-11-25',NULL,'005214',4,' . , . . - 12/1 (12) ','',12,1,1,1,6,2),(138,'2012-03-27',NULL,'005215',4,' . , . -  (28)','',28,1,1,1,6,2),(139,'2014-04-10',NULL,'005216',4,' . , . . - 11 (12) ','',12,1,1,1,6,2),(140,'2011-09-14',NULL,'005217',4,' . , . .-11 (12)','',12,1,1,1,6,2),(141,'2014-09-15',NULL,'005218',4,' . , . / (30)','',30,1,1,2,6,2),(142,'2009-08-20',NULL,'006201',4,' . , .  - 29/1 ()','',0,2,2,1,7,2),(143,'2014-06-09',NULL,'006202',4,' \"\" . , . .-15 (1,2)','',1.2,1,1,1,7,2),(144,'2014-07-08',NULL,'006203',4,' \"\" . , ., . 2  (20 )','',20,1,1,1,7,2),(145,'2013-03-20',NULL,'006204',4,' . , . , . /  (46)','',46,1,1,1,7,2),(146,'2011-04-26',NULL,'006205',4,' . , .  .  - 254 (10)','',10,1,1,1,7,2),(147,'2010-03-29',NULL,'006206',4,' . , . -1, . . - 42  (15)','',15,1,1,1,7,2),(148,'2011-12-01',NULL,'006207',4,' . , . -2, . -72  (18)','',18,1,1,1,7,2),(149,'2011-04-28',NULL,'006208',4,' . , .  .  /  (12)','',12,1,1,1,7,2),(150,'2007-11-27',NULL,'006209',4,' . , . .  - 82 (45)','',45,1,1,1,7,2),(151,'2014-06-09',NULL,'006210',4,' . , ., . - 197 (12)','',12,1,1,1,7,2),(152,'2014-07-08',NULL,'006211',4,' . , . ,  \"\" (3,6)','',3.6,1,1,1,7,2),(153,'2007-11-27',NULL,'006212',4,' . , . 8- / (1,2)','',1.2,1,1,1,7,2),(154,'2008-05-12',NULL,'006213',4,' . , . . - 17  (1,5)','',1.5,1,1,1,7,2),(155,'2012-01-04',NULL,'006214',4,' . , . . - 30  (1,2)','',1.2,1,1,1,7,2),(156,'2012-06-01',NULL,'006215',4,' . , .   - 18/4 (1,5)','',1.5,1,1,1,7,2),(157,'2014-07-08',NULL,'006216',4,' . , .  - 17 (0,8)','',0.8,1,1,1,7,2),(158,'2007-08-07',NULL,'006217',4,' . , .  - 21  (0,6)','',0.6,1,1,1,7,2),(159,'2006-08-31',NULL,'006218',4,' . ,. , .  - 52 (12,8)','',12.8,1,1,1,7,2),(160,'2000-01-01',NULL,'007201',4,' . , .  - 97 ()','',0,2,2,1,8,2),(161,'2014-06-10',NULL,'007202',4,' \"\" ., .., .  75 (28)','',28,1,1,1,8,2),(162,'2013-06-03',NULL,'007203',4,' \" \" . ,   - 185 (1)','',1,1,1,1,8,2),(163,'2007-05-03',NULL,'007204',4,' . , ., .  - 24 (25)','',25,1,1,1,8,2),(164,'2010-03-19',NULL,'007205',4,' . , .., .  (32)','',32,1,1,1,8,2),(165,'2009-01-01',NULL,'007206',4,' . , ., . / (12)','',12,1,1,1,8,2),(166,'2014-07-01',NULL,'007207',4,' . , . -175 (2)','',2,1,1,1,8,2),(167,'2010-01-18',NULL,'007208',4,' . , /    \"\" (55) ','',55,1,1,1,8,2),(168,'2009-01-01',NULL,'007209',4,' . , .  /  (43)','',43,1,1,1,8,2),(169,'2013-08-21',NULL,'007210',4,' . ,   - 111  (1,5)','',1.5,1,1,1,8,2),(170,'2014-07-07',NULL,'007211',4,' . , /   (12)','',12,1,1,1,8,2),(171,'2006-01-16',NULL,'008201',4,' . , .  - 348  ()','',0,2,2,1,9,2),(172,'2014-11-25',NULL,'008202',4,'   . , .  . - 46 (21)','',21,1,1,1,9,2),(173,'2014-02-27',NULL,'008203',4,' . , . . .  27  (6)','',6,1,1,1,9,2),(174,'2014-02-27',NULL,'008204',4,' . , . , .  - 3  (5)','',5,1,1,1,9,2),(175,'2013-07-18',NULL,'008205',4,' . , .  .  - / (8)','',8,1,1,1,9,2),(176,'2014-07-08',NULL,'008206',4,' ., ., . 150 -  (12)','',12,1,1,1,9,2),(177,'2015-01-05',NULL,'008207',4,' . , ., . - 63 (6)','',6,1,1,1,9,2),(178,'2007-06-04',NULL,'008208',4,' . , ., . .  - 47 (31)','',31,1,1,1,9,2),(179,'2006-05-05',NULL,'008209',4,' . , ., . . / (36)','',36,1,1,1,9,2),(180,'2007-12-24',NULL,'008210',4,' . , ., .  - 1 (26)','',26,1,1,1,9,2),(181,'2014-12-01',NULL,'008211',4,' . , ., . - / (10 )','',10,1,1,1,9,2),(182,'2007-10-01',NULL,'008212',4,' . , ., .  - / (14)','',14,1,1,1,9,2),(183,'2013-11-19',NULL,'008213',4,' . , .  - /  (2)','',2,1,1,1,9,2),(184,'2015-01-14',NULL,'008214',4,' . , . - 125 (1,2)','',1.2,1,1,1,9,2),(185,'2012-04-02',NULL,'008215',4,' . . . - 65 (2)','',2,1,1,1,9,2),(186,'2001-04-02',NULL,'009201',4,' . , .  - 8 ()','',0,2,2,1,10,2),(187,'2010-04-06',NULL,'009202',4,' \"\"  . , . -1 (13)','',13,1,1,1,10,2),(188,'2014-08-14',NULL,'009203',4,' \"\" - ., .. - 126 (10)','',10,1,1,1,10,2),(189,'2008-04-07',NULL,'009204',4,' \"\" . - 44 (4)','',4,1,1,1,10,2),(190,'2013-07-01',NULL,'009205',4,' \"-2\"  -,  \"\" (4,5)','',4.5,1,1,1,10,2),(191,'2014-09-08',NULL,'009206',4,' . , .  - 20 (0,5)','',0.5,1,1,1,10,2),(192,'2014-03-18',NULL,'009207',4,' . , . - 2  (2,5)','',2.5,1,1,1,10,2),(193,'2014-09-30',NULL,'009208',4,' . , . 54 (12)','',12,1,1,1,10,2),(194,'2014-07-25',NULL,'010201',4,' . , . .  - 38 ()','',0,2,2,1,11,2),(195,'2007-09-17',NULL,'010202',4,' \"\" . , .  (38,5)','',38.5,1,1,1,11,2),(196,'2014-07-21',NULL,'010203',4,' \"\" .  (20)','',20,1,1,1,11,2),(197,'2010-04-01',NULL,'010204',4,' .  .  (9)','',9,1,1,1,11,2),(198,'2014-10-24',NULL,'010205',4,' . , .  (43,5)','',43.5,1,1,1,11,2),(199,'2012-01-20',NULL,'010206',4,' . , .   (33)','',33,1,1,1,11,2),(200,'2007-09-24',NULL,'010207',4,' ., .  (17,5)','',17.5,1,1,1,11,2),(201,'2014-10-24',NULL,'010208',4,' . , .   (71,5)','',71.5,1,1,1,11,2),(202,'2014-07-08',NULL,'010209',4,' . , . , ., ..-22/ (13,5)','',13.5,1,1,1,11,2),(203,'2015-01-09',NULL,'010210',4,' . , .,   (28)','',28,1,1,1,11,2),(204,'2013-03-04',NULL,'010211',4,' . , .   (41)','',41,1,1,1,11,2),(205,'2009-05-22',NULL,'010212',4,' ., .  (11,4 )','',11.4,1,1,1,11,2),(206,'2014-07-25',NULL,'010213',4,' . , .  - 140/1 (1)','',1,1,1,1,11,2),(207,'2014-07-21',NULL,'010214',4,' . . . , . 2 (16 )','',16,1,1,1,11,2),(208,'2014-11-03',NULL,'011201',4,' . , . . - 23 ()','',0,2,2,1,12,2),(209,'2015-01-01',NULL,'011202',4,' \"\" ., . .  \"\" (12)','',12,1,1,1,12,2),(210,'2009-04-22',NULL,'011203',4,' . , . , .. - 19 (8)','',8,1,1,1,12,2),(211,'2014-02-21',NULL,'011204',4,' . , . , . (13)','',13,1,1,1,12,2),(212,'2014-06-17',NULL,'011205',4,' . , . , . . - 11  (12)','',12,1,1,1,12,2),(213,'2009-06-05',NULL,'011206',4,' . , .  (5)','',5,1,1,1,12,2),(214,'2009-06-05',NULL,'011207',4,' . , .  (19)','',19,1,1,1,12,2),(215,'2014-06-17',NULL,'011208',4,' . , /    (31)','',31,1,1,1,12,2),(216,'2009-01-01',NULL,'013201',4,' . ., .  - 1 ()','',0,2,2,1,13,2),(217,'2015-02-20',NULL,'013202',4,'  . ., ., ., . (6)','',6,1,1,1,13,2),(218,'2013-11-28',NULL,'013203',4,' \"\" . . (5)','',5,1,1,1,13,2),(219,'2007-05-02',NULL,'013204',4,' . , .  35 (3)','',3,1,1,1,13,2),(220,'2013-06-17',NULL,'013205',4,' . , .. / (4)','',4,1,1,1,13,2),(221,'2014-05-22',NULL,'013206',4,' . ., ., . - / (4)','',4,1,1,1,13,2),(222,'2014-05-22',NULL,'013207',4,' . ., ., .. - / (9)','',9,1,1,1,13,2),(223,'2014-07-04',NULL,'013208',4,' . ., ., . - / (5)','',5,1,1,1,13,2),(224,'2014-06-18',NULL,'013209',4,' . ,    (0.5r)','',0.5,1,1,1,13,2),(225,'2009-04-01',NULL,'013210',4,' . , . .  - 10/4  (0.5)','',0.5,1,1,1,13,2),(226,'2006-11-14',NULL,'014201',4,' . , . . - 2  ()','',0,2,2,1,14,2),(227,'2014-07-15',NULL,'014202',4,' \"\" . , .  - 7  (48)','',48,1,1,2,14,2),(228,'2014-03-03',NULL,'014203',4,' . , .  - 22 (47)','',47,1,1,2,14,2),(229,'2009-05-06',NULL,'014204',4,' . , .  - / (48) ()','',48,1,1,2,14,2),(230,'2012-04-20',NULL,'014205',4,' .  .. - 20 (1,5)','',1.5,1,1,1,14,2),(231,'2012-12-06',NULL,'014206',4,' . , .  - , .  (26)','',26,1,1,1,14,2),(232,'2014-07-15',NULL,'014207',4,' . , .  ,  . (32)','',32,1,1,1,14,2),(233,'2010-09-15',NULL,'014208',4,' . , .  (6)','',6,1,1,1,14,2),(234,'2014-12-09',NULL,'014209',4,' . , .   (5)','',5,1,1,1,14,2),(235,'2014-12-09',NULL,'014210',4,' . , .   (10)','',10,1,1,1,14,2),(236,'2014-03-03',NULL,'014211',4,' . ,   - /  (12)','',12,1,1,1,14,2),(237,'2014-12-09',NULL,'014212',4,' . , . . - 145 (3)','',3,1,1,1,14,2),(238,'2014-03-03',NULL,'014213',4,' . , . . - / (3)','',3,1,1,1,14,2),(239,'2013-05-28',NULL,'014214',4,' . , .  - 2 (1,5)','',1.5,1,1,1,14,2),(240,'2007-04-30',NULL,'014215',4,' . , .  /   (2,5)','',2.5,1,1,1,14,2),(241,'2014-07-15',NULL,'014216',4,' . , .  / (2,5)','',2.5,1,1,1,14,2),(242,'2014-07-15',NULL,'014217',4,' . , .  - 36   (2,5)','',2.5,1,1,1,14,2),(243,'2007-06-14',NULL,'014218',4,' . , .  - 1 (25)','',25,1,1,1,14,2),(244,'2014-07-29',NULL,'015201',4,' . , . . - 55  ()','',0,2,2,1,15,2),(245,'2014-11-03',NULL,'015202',4,'  \"\"  .,    (14)','',14,1,1,1,15,2),(246,'2014-11-03',NULL,'015203',4,' \"\" . , . . / (1,5)','',1.5,1,1,1,15,2),(247,'2014-10-20',NULL,'015204',4,' \"\" ., .  - 1 (1)','',1,1,1,1,15,2),(248,'2014-10-30',NULL,'015205',4,' , . . - 8   (13)','',13,1,1,1,15,2),(249,'2014-01-15',NULL,'015206',4,' , .  - 3  (15)','',15,1,1,1,15,2),(250,'2014-11-03',NULL,'015207',4,' , . - 7  (18)','',18,1,1,1,15,2),(251,'2014-08-12',NULL,'015208',4,' . , .  .  - 73 (12)','',12,1,1,1,15,2),(252,'2014-11-03',NULL,'015209',4,' . , .  / (1,3)','',1.3,1,1,1,15,2),(253,'2014-08-12',NULL,'015210',4,' . , .  /  (1)','',1,1,1,1,15,2),(254,'2015-01-06',NULL,'015211',4,' . , . . - / (0,8)','',0.8,1,1,1,15,2),(255,'2014-01-09',NULL,'015212',4,' . , .  - 30  (0,5)','',0.5,1,1,1,15,2),(256,'2016-02-22',NULL,'015213',4,' . , .  - 35 (1)','',1,1,1,1,15,2),(257,'2014-11-03',NULL,'015214',4,' . , .  - 1  (1)','',1,1,1,1,15,2),(258,'2014-06-30',NULL,'016201',4,' . , . - 6  ()','',0,2,2,1,16,2),(259,'2014-06-30',NULL,'016202',4,' \"\" . , .. - 1 (6)','',6,1,1,1,16,2),(260,'2014-06-30',NULL,'016203',4,' . , .   (20)','',20,1,1,1,16,2),(261,'2014-06-30',NULL,'016204',4,' . , .  (9)','',9,1,1,1,16,2),(262,'2014-09-30',NULL,'016205',4,' . , .   (20)','',20,1,1,1,16,2),(263,'2014-06-30',NULL,'016206',4,' . , .  - 36  (0,7)','',0.7,1,1,1,16,2),(264,'2015-05-04',NULL,'016207',4,' . , . - /  (0,5)','',0.5,1,1,1,16,2),(265,'2015-03-11',NULL,'016208',4,' . , .  (4)','',4,1,1,1,16,2),(266,'2014-06-30',NULL,'016209',4,' . , . - 1   (4)','',4,1,1,1,16,2),(267,'2016-12-29',NULL,'016210',4,' . , . \"\" (1)','',1,1,1,1,16,2),(268,'2016-02-08',NULL,'016211',4,' . , . - / (0,7)','',0.7,1,1,1,16,2),(269,'2016-10-06',NULL,'016212',4,' . . .  43 (0,8)','',0.8,1,1,1,16,2),(270,'2014-03-12',NULL,'016213',4,' . , .. - 30 (30)','',30,1,1,2,16,2),(271,'2014-06-30',NULL,'016214',4,' . , . - 1 (37)','',37,1,1,2,16,2),(272,'2014-11-05',NULL,'016215',4,' . ,   (12)','',12,1,1,1,16,2),(273,'2014-07-17',NULL,'016216',4,' - , . , . . - / (130)','',130,1,1,2,16,2),(274,'2016-04-15',NULL,'016217',4,' - , . , . . 61 (192)','',192,1,1,2,16,2),(275,'2014-07-17',NULL,'016218',4,' - . .. - 10 (110)','',110,1,1,2,16,2),(276,'2016-12-19',NULL,'016219',4,' . , .  (15)','',15,1,1,1,16,2),(277,'2016-07-05',NULL,'016220',4,' . , .  / - 1 (0,8)','',0.8,1,1,1,16,2),(278,'2016-12-02',NULL,'016221',4,', . , .  / (90)','',90,1,1,2,16,2),(279,'2015-07-23',NULL,'017201',4,' . , . . - 2  ()','',0,2,2,1,17,2),(280,'2014-07-18',NULL,'017202',4,' \"\"   ., . 60-  (0,7)','',0.7,1,1,1,17,2),(281,'2014-07-18',NULL,'017203',4,' . , .  .  - 2  (12)','',12,1,1,2,17,2),(282,'2014-09-01',NULL,'017204',4,' . , .,    (18)','',18,1,1,2,17,2),(283,'2012-07-05',NULL,'017205',4,' . , .  (12)','',12,1,1,2,17,2),(284,'2011-07-05',NULL,'017206',4,' . , . . -11/  (1)','',1,1,1,2,17,2),(285,'2012-07-17',NULL,'017207',4,' . , .  -1 (1)','',1,1,1,1,17,2),(286,'2008-03-20',NULL,'017208',4,' . , . - 20 (0.6)','',0.6,1,1,1,17,2),(287,'2014-10-30',NULL,'017209',4,' . , .  (6)','',6,1,1,1,17,2),(288,'2014-05-14',NULL,'017210',4,' . , /  , .  (12)','',12,1,1,1,17,2),(289,'2015-05-14',NULL,'017211',4,' .  / , .  (23)','',23,1,1,1,17,2),(290,'2016-12-07',NULL,'018201',4,'  -1 ()','',0,2,2,1,18,2),(291,'2014-08-04',NULL,'019201',4,' . , . - 26 ()','',0,2,2,1,19,2),(292,'2014-06-05',NULL,'019202',4,' . , .  - 9 (0,2)','',0.2,1,1,1,19,2),(293,'2014-07-23',NULL,'019203',4,' . , . 50  .  - 48 (50)   ','',50,1,1,2,19,2),(294,'2011-03-28',NULL,'019204',4,' . , .  - 62 (50)','',50,1,1,1,19,2),(295,'2014-10-02',NULL,'019205',4,' . , . - 56  (53)','',53,1,1,1,19,2),(296,'2014-04-29',NULL,'019206',4,' . , . 26 (50 )','',50,1,1,1,19,2),(297,'2012-06-25',NULL,'019207',4,' . . .   \"\" (25)','',25,1,1,1,19,2),(298,'2014-07-02',NULL,'019208',4,' . , , .  (0,1)','',0.1,1,1,1,19,2),(299,'2014-07-01',NULL,'019209',4,' . , .  .  (6)','',6,1,1,1,19,2),(300,'2014-07-01',NULL,'019210',4,' . , .  (5)','',5,1,1,1,19,2),(301,'2014-06-05',NULL,'019211',4,' . , / , .  (12,5)','',12.5,1,1,1,19,2),(302,'2014-03-20',NULL,'019212',4,' . , .  (46)','',46,1,1,1,19,2),(303,'2014-06-20',NULL,'019213',4,' .. , .50-   30 (0,2)','',0.2,1,1,2,19,2),(304,'2014-06-30',NULL,'020201',4,' ., . - 3  ()','',0,2,2,1,20,2),(305,'2014-06-30',NULL,'020202',4,' ., . - 5  (0,2)','',0.2,1,1,1,20,2),(306,'2014-02-21',NULL,'020203',4,' .,.1- 13 (5)','',5,1,1,1,20,2),(307,'2006-06-13',NULL,'020204',4,' . , .  - 5  (11)','',11,1,1,1,20,2),(308,'2011-10-05',NULL,'020205',4,' . , . . /   \"\" (12)','',12,1,1,1,20,2),(309,'2013-10-12',NULL,'020206',4,' ., .. - 44 (7)','',7,1,1,1,20,2),(310,'2006-08-17',NULL,'020207',4,' .-, . . - 106 (17)','',17,1,1,1,20,2),(311,'2015-05-08',NULL,'021201',4,' . , . . - 6  ()','',0,2,2,1,21,2),(312,'2017-05-10',NULL,'021202',4,' . ,   44 (1)','',1,1,1,1,21,2),(313,'2014-07-01',NULL,'021203',4,' .  /  (41)','',41,1,1,1,21,1),(314,'2014-07-09',NULL,'021204',4,' . , . . - 2 (20)','',20,1,1,1,21,2),(315,'2014-06-10',NULL,'021205',4,' . , . . - / (19)','',19,1,1,1,21,2),(316,'2015-02-09',NULL,'021206',4,' . , .  ( ) (20) ','',20,1,1,1,21,2),(317,'2014-07-09',NULL,'021207',4,' . , .  - 15  (20)','',20,1,1,1,21,2),(318,'2015-02-12',NULL,'021208',4,' . , . .  - 19  (20)','',20,1,1,1,21,2),(319,'2014-06-18',NULL,'021209',4,' . , . ., .  (20)','',20,1,1,1,21,2),(320,'2014-11-03',NULL,'021210',4,' . , . . - 6\"\" (10)','',10,1,1,1,21,2),(321,'2014-07-09',NULL,'021211',4,' . , .  - 28  (0,2)','',0.2,1,1,1,21,2),(322,'2014-07-08',NULL,'021212',4,' . , .  - 28 (0,2)','',0.2,1,1,1,21,2),(323,'2014-07-08',NULL,'021213',4,' . , . .  / 2  (46)','',46,1,1,1,21,2),(324,'2014-06-12',NULL,'021214',4,' . , .  / (45,5)','',45.5,1,1,1,21,2),(325,'2014-07-01',NULL,'021215',4,' . , . .  - / (48)','',48,1,1,1,21,2),(326,'2014-06-05',NULL,'021216',4,' . , . . - /  (32,5)','',32.5,1,1,2,21,2),(327,'2014-06-16',NULL,'021217',4,' . , . .  / (35)','',35,1,1,2,21,2),(328,'2014-07-09',NULL,'021218',4,' . , . . - 2  (33)','',33,1,1,2,21,2),(329,'2014-06-30',NULL,'021219',4,' . , .  / (35)','',35,1,1,2,21,2),(330,'2015-01-01',NULL,'022201',4,' . , . - 54  ()','',0,2,2,1,22,2),(331,'2015-04-20',NULL,'022202',4,' ., .-7  (1)','',1,1,1,1,22,2),(332,'2014-06-11',NULL,'022203',4,' . , .  - / (60)','',60,1,1,2,22,2),(333,'2014-11-03',NULL,'022204',4,' . , .  - / (60)','',60,1,1,2,22,2),(334,'2014-10-30',NULL,'022205',4,' . , ., .-44 (12)','',12,1,1,1,22,2),(335,'2011-04-13',NULL,'022206',4,' . , . ,. - 48 (14)','',14,1,1,1,22,2),(336,'2014-06-11',NULL,'022207',4,' . ,  , ., . - 78 (3)','',3,1,1,1,22,2),(337,'2014-08-27',NULL,'022208',4,' . ,  , .. - 1 (1,5)','',1.5,1,1,1,22,2),(338,'2014-10-22',NULL,'023201',4,' . , .  - /  ()','',0,2,2,1,23,2),(339,'2014-06-30',NULL,'023202',4,' . , , .  - / (1)','',1,1,1,1,23,2),(340,'2014-06-30',NULL,'023203',4,' . , .  (9,5)','',9.5,1,1,1,23,2),(341,'2014-05-01',NULL,'023204',4,' . , .  (12)','',12,1,1,1,23,2),(342,'2014-06-30',NULL,'023205',4,' . ,   (6,6)','',6.6,1,1,1,23,2),(343,'2014-11-07',NULL,'023206',4,' . , .  /  (0,2)','',0.2,1,1,1,23,2),(344,'2014-06-30',NULL,'023207',4,' . , .  - 61 (0,1)','',0.1,1,1,1,23,2),(345,'2014-11-27',NULL,'024201',4,' ., .  - 11  ()','',0,2,2,1,24,2),(346,'2016-12-16',NULL,'024202',4,' . , . 156 (15,4)','',15.4,1,1,1,24,2),(347,'2014-11-21',NULL,'024203',4,' . , .  - 2 (17,8)','',17.8,1,1,1,24,2),(348,'2014-11-21',NULL,'024204',4,' . .   - 34  (1,3)','',1.3,1,1,1,24,2),(349,'2014-11-21',NULL,'024205',4,' . .   - 43  (2,5)','',2.5,1,1,1,24,2),(350,'2014-11-21',NULL,'024206',4,' . . .  20 (19,1)','',19.1,1,1,1,24,2),(351,'2014-11-21',NULL,'024207',4,' . . .  - 5/1  (1,9)','',1.9,1,1,1,24,2),(352,'2014-11-21',NULL,'024208',4,' . .   - 106/49  (5,3 ) ()','',5.3,1,1,1,24,2),(353,'2016-05-03',NULL,'024209',4,' . .   - 106/49  (5,3 ) ()','',5.3,1,1,1,24,2),(354,'2014-11-21',NULL,'024210',4,' . . - 289/2  (11,9)','',11.9,1,1,1,24,2),(355,'2014-11-21',NULL,'024211',4,' . . - 78/2  (7,3)','',7.3,1,1,1,24,2),(356,'2014-11-21',NULL,'024212',4,' . . - 3  (9,3)','',9.3,1,1,1,24,2),(357,'2014-11-21',NULL,'024213',4,' ., . , .   (9,9)','',9.9,1,1,1,24,2),(358,'2014-11-21',NULL,'024214',4,' ., .  - 118  (8,4)','',8.4,1,1,1,24,2),(359,'2014-11-21',NULL,'024215',4,' ., .  7/4 (3,6)','',3.6,1,1,1,24,2),(360,'2014-11-21',NULL,'024216',4,' ., .  137 (4,4)','',4.4,1,1,1,24,2),(361,'2015-02-09',NULL,'024217',4,' ., .  44 (5,4 )','',5.4,1,1,1,24,2),(362,'2014-11-21',NULL,'024218',4,' ., . -  269  (12,5)','',12.5,1,1,1,24,2),(363,'2014-11-21',NULL,'024219',4,' ., .  - 111  (14,5)','',14.5,1,1,1,24,2),(364,'2014-11-21',NULL,'024220',4,' ., . - 1  (13,2)','',13.2,1,1,1,24,2),(365,'2016-04-06',NULL,'100201',4,' ., .-135','',0,2,2,1,25,1),(366,'2008-06-30',NULL,'100202',4,'  \"\" . . - 201 (1,4)','',1.4,1,1,1,25,2),(367,'2014-07-16',NULL,'100203',4,'  \"\" .  - 5 (0,7)','',0.7,1,1,1,25,2),(368,'2013-03-05',NULL,'100204',4,' \" \" . .   / (4,3)','',4.3,1,1,1,25,2),(369,'2016-03-01',NULL,'100205',4,' . , . . 164 (4)','',4,1,1,1,25,2),(370,'2014-06-30',NULL,'100206',4,' . , .  86    (0,1)','',0.1,1,1,1,25,2),(371,'2014-07-16',NULL,'100207',4,' ., 1-  / -   (39)','',39,1,1,1,25,2),(372,'2010-10-01',NULL,'100208',4,' . . .-9 -  (40)','',40,1,1,1,25,2),(373,'2010-10-01',NULL,'100209',4,' . , . -35 (24)','',24,1,1,1,25,2),(374,'2013-04-05',NULL,'100210',4,' . 30-  25/1 (31 ) (3,7)','',3.7,1,1,1,25,2);

/*Table structure for table `limits` */

DROP TABLE IF EXISTS `limits`;

CREATE TABLE `limits` (
  `id` int(11) NOT NULL AUTO_INCREMENT,
  `date` date DEFAULT NULL,
  `id_accounts` int(11) DEFAULT NULL,
  `limit` double DEFAULT NULL,
  `id_status` int(11) DEFAULT NULL,
  PRIMARY KEY (`id`)
) ENGINE=InnoDB AUTO_INCREMENT=1260 DEFAULT CHARSET=utf8;

/*Data for the table `limits` */

insert  into `limits`(`id`,`date`,`id_accounts`,`limit`,`id_status`) values (1,'2017-06-22',33,120000,1),(2,'2017-06-22',34,10000,1),(3,'2017-06-22',35,10000,1),(4,'2017-06-22',36,0,1),(5,'2017-06-22',57,80000,1),(6,'2017-06-22',58,10000,1),(7,'2017-06-22',59,10000,1),(8,'2017-06-22',60,0,1),(9,'2017-06-22',41,180000,1),(10,'2017-06-22',42,10000,1),(11,'2017-06-22',43,10000,1),(12,'2017-06-22',44,0,1),(13,'2017-06-22',49,350000,1),(14,'2017-06-22',50,10000,1),(15,'2017-06-22',51,10000,1),(16,'2017-06-22',52,0,1),(17,'2017-06-22',5,160000,1),(18,'2017-06-22',6,10000,1),(19,'2017-06-22',7,10000,1),(20,'2017-06-22',8,0,1),(21,'2017-06-22',65,80000,1),(22,'2017-06-22',66,10000,1),(23,'2017-06-22',67,3000,1),(24,'2017-06-22',68,0,1),(25,'2017-06-22',21,180000,1),(26,'2017-06-22',22,10000,1),(27,'2017-06-22',23,10000,1),(28,'2017-06-22',24,0,1),(29,'2017-06-22',9,170000,1),(30,'2017-06-22',10,10000,1),(31,'2017-06-22',11,10000,1),(32,'2017-06-22',12,0,1),(33,'2017-06-22',45,120000,1),(34,'2017-06-22',46,10000,1),(35,'2017-06-22',47,10000,1),(36,'2017-06-22',48,0,1),(37,'2017-06-22',37,130000,1),(38,'2017-06-22',38,10000,1),(39,'2017-06-22',39,10000,1),(40,'2017-06-22',40,0,1),(41,'2017-06-22',25,150000,1),(42,'2017-06-22',26,10000,1),(43,'2017-06-22',27,10000,1),(44,'2017-06-22',28,0,1),(45,'2017-06-22',17,170000,1),(46,'2017-06-22',18,10000,1),(47,'2017-06-22',19,10000,1),(48,'2017-06-22',20,0,1),(49,'2017-06-22',13,160000,1),(50,'2017-06-22',14,10000,1),(51,'2017-06-22',15,10000,1),(52,'2017-06-22',16,0,1),(53,'2017-06-22',29,250000,1),(54,'2017-06-22',30,10000,1),(55,'2017-06-22',31,10000,1),(56,'2017-06-22',32,0,1),(57,'2017-06-22',61,150000,1),(58,'2017-06-22',62,10000,1),(59,'2017-06-22',63,10000,1),(60,'2017-06-22',64,0,1),(61,'2017-06-22',53,150000,1),(62,'2017-06-22',54,10000,1),(63,'2017-06-22',55,10000,1),(64,'2017-06-22',56,0,1),(65,'2017-06-22',1,600000,1),(66,'2017-06-22',2,10000,1),(67,'2017-06-22',3,30000,1),(68,'2017-06-22',4,500,1),(69,'2017-06-22',171,500000,1),(70,'2017-06-22',172,3000,1),(71,'2017-06-22',173,7000,1),(72,'2017-06-22',174,0,1),(73,'2017-06-22',227,300000,1),(74,'2017-06-22',228,3000,1),(75,'2017-06-22',229,3000,1),(76,'2017-06-22',230,0,1),(77,'2017-06-22',235,250000,1),(78,'2017-06-22',236,3000,1),(79,'2017-06-22',237,2000,1),(80,'2017-06-22',124,350000,1),(81,'2017-06-22',125,3000,1),(82,'2017-06-22',126,4000,1),(83,'2017-06-22',127,0,1),(84,'2017-06-22',245,350000,1),(85,'2017-06-22',246,3000,1),(86,'2017-06-22',247,6000,1),(87,'2017-06-22',248,0,1),(88,'2017-06-22',203,400000,1),(89,'2017-06-22',204,3000,1),(90,'2017-06-22',205,4000,1),(91,'2017-06-22',206,0,1),(92,'2017-06-22',97,240000,1),(93,'2017-06-22',98,3000,1),(94,'2017-06-22',99,2000,1),(95,'2017-06-22',100,0,1),(96,'2017-06-22',81,130000,1),(97,'2017-06-22',82,3000,1),(98,'2017-06-22',83,1500,1),(99,'2017-06-22',84,0,1),(100,'2017-06-22',140,100000,1),(101,'2017-06-22',141,3000,1),(102,'2017-06-22',142,1000,1),(103,'2017-06-22',143,0,1),(104,'2017-06-22',219,300000,1),(105,'2017-06-22',220,3000,1),(106,'2017-06-22',221,2000,1),(107,'2017-06-22',222,0,1),(108,'2017-06-22',241,150000,1),(109,'2017-06-22',242,3000,1),(110,'2017-06-22',243,2000,1),(111,'2017-06-22',244,0,1),(112,'2017-06-22',113,250000,1),(113,'2017-06-22',114,3000,1),(114,'2017-06-22',115,2000,1),(115,'2017-06-22',116,0,1),(116,'2017-06-22',199,350000,1),(117,'2017-06-22',200,3000,1),(118,'2017-06-22',201,5000,1),(119,'2017-06-22',202,0,1),(120,'2017-06-22',105,220000,1),(121,'2017-06-22',106,3000,1),(122,'2017-06-22',107,2000,1),(123,'2017-06-22',108,0,1),(124,'2017-06-22',93,130000,1),(125,'2017-06-22',94,3000,1),(126,'2017-06-22',95,2000,1),(127,'2017-06-22',96,0,1),(128,'2017-06-22',179,350000,1),(129,'2017-06-22',180,3000,1),(130,'2017-06-22',181,6000,1),(131,'2017-06-22',182,0,1),(132,'2017-06-22',187,200000,1),(133,'2017-06-22',188,3000,1),(134,'2017-06-22',189,1000,1),(135,'2017-06-22',190,0,1),(136,'2017-06-22',231,300000,1),(137,'2017-06-22',232,3000,1),(138,'2017-06-22',233,5000,1),(139,'2017-06-22',234,0,1),(140,'2017-06-22',85,150000,1),(141,'2017-06-22',86,3000,1),(142,'2017-06-22',87,2000,1),(143,'2017-06-22',88,0,1),(144,'2017-06-22',152,300000,1),(145,'2017-06-22',153,3000,1),(146,'2017-06-22',154,2000,1),(147,'2017-06-22',155,0,1),(148,'2017-06-22',261,350000,1),(149,'2017-06-22',262,3000,1),(150,'2017-06-22',263,6000,1),(151,'2017-06-22',264,0,1),(152,'2017-06-22',109,250000,1),(153,'2017-06-22',110,3000,1),(154,'2017-06-22',111,1500,1),(155,'2017-06-22',112,0,1),(156,'2017-06-22',128,350000,1),(157,'2017-06-22',129,3000,1),(158,'2017-06-22',130,3000,1),(159,'2017-06-22',131,0,1),(160,'2017-06-22',175,350000,1),(161,'2017-06-22',176,3000,1),(162,'2017-06-22',177,6000,1),(163,'2017-06-22',178,0,1),(164,'2017-06-22',117,400000,1),(165,'2017-06-22',118,3000,1),(166,'2017-06-22',119,5000,1),(167,'2017-06-22',120,0,1),(168,'2017-06-22',168,200000,1),(169,'2017-06-22',169,3000,1),(170,'2017-06-22',170,2000,1),(171,'2017-06-22',195,180000,1),(172,'2017-06-22',196,3000,1),(173,'2017-06-22',197,2000,1),(174,'2017-06-22',198,0,1),(175,'2017-06-22',89,150000,1),(176,'2017-06-22',90,3000,1),(177,'2017-06-22',91,1000,1),(178,'2017-06-22',92,0,1),(179,'2017-06-22',160,280000,1),(180,'2017-06-22',161,3000,1),(181,'2017-06-22',162,2000,1),(182,'2017-06-22',163,0,1),(183,'2017-06-22',215,350000,1),(184,'2017-06-22',216,3000,1),(185,'2017-06-22',217,3000,1),(186,'2017-06-22',218,0,1),(187,'2017-06-22',238,80000,1),(188,'2017-06-22',239,3000,1),(189,'2017-06-22',240,2000,1),(190,'2017-06-22',265,350000,1),(191,'2017-06-22',266,3000,1),(192,'2017-06-22',267,6000,1),(193,'2017-06-22',268,0,1),(194,'2017-06-22',121,250000,1),(195,'2017-06-22',122,3000,1),(196,'2017-06-22',123,2000,1),(197,'2017-06-22',144,150000,1),(198,'2017-06-22',145,3000,1),(199,'2017-06-22',146,2000,1),(200,'2017-06-22',147,0,1),(201,'2017-06-22',257,350000,1),(202,'2017-06-22',258,3000,1),(203,'2017-06-22',259,6000,1),(204,'2017-06-22',260,0,1),(205,'2017-06-22',69,150000,1),(206,'2017-06-22',70,3000,1),(207,'2017-06-22',71,5000,1),(208,'2017-06-22',72,500,1),(209,'2017-06-22',101,200000,1),(210,'2017-06-22',102,3000,1),(211,'2017-06-22',103,2000,1),(212,'2017-06-22',104,0,1),(213,'2017-06-22',148,300000,1),(214,'2017-06-22',149,3000,1),(215,'2017-06-22',150,1000,1),(216,'2017-06-22',151,0,1),(217,'2017-06-22',73,110000,1),(218,'2017-06-22',74,3000,1),(219,'2017-06-22',75,1000,1),(220,'2017-06-22',76,0,1),(221,'2017-06-22',249,500000,1),(222,'2017-06-22',250,3000,1),(223,'2017-06-22',251,3000,1),(224,'2017-06-22',252,0,1),(225,'2017-06-22',191,350000,1),(226,'2017-06-22',192,3000,1),(227,'2017-06-22',193,3000,1),(228,'2017-06-22',194,0,1),(229,'2017-06-22',253,350000,1),(230,'2017-06-22',254,3000,1),(231,'2017-06-22',255,5000,1),(232,'2017-06-22',256,0,1),(233,'2017-06-22',77,160000,1),(234,'2017-06-22',78,3000,1),(235,'2017-06-22',79,1000,1),(236,'2017-06-22',80,0,1),(237,'2017-06-22',183,200000,1),(238,'2017-06-22',184,3000,1),(239,'2017-06-22',185,4000,1),(240,'2017-06-22',186,0,1),(241,'2017-06-22',207,300000,1),(242,'2017-06-22',208,3000,1),(243,'2017-06-22',209,2000,1),(244,'2017-06-22',210,0,1),(245,'2017-06-22',223,350000,1),(246,'2017-06-22',224,3000,1),(247,'2017-06-22',225,2000,1),(248,'2017-06-22',226,0,1),(249,'2017-06-22',136,350000,1),(250,'2017-06-22',137,3000,1),(251,'2017-06-22',138,3000,1),(252,'2017-06-22',139,0,1),(253,'2017-06-22',132,350000,1),(254,'2017-06-22',133,3000,1),(255,'2017-06-22',134,3000,1),(256,'2017-06-22',135,0,1),(257,'2017-06-22',156,300000,1),(258,'2017-06-22',157,3000,1),(259,'2017-06-22',158,2000,1),(260,'2017-06-22',159,0,1),(261,'2017-06-22',164,300000,1),(262,'2017-06-22',165,3000,1),(263,'2017-06-22',166,2000,1),(264,'2017-06-22',167,0,1),(265,'2017-06-22',211,350000,1),(266,'2017-06-22',212,3000,1),(267,'2017-06-22',213,3000,1),(268,'2017-06-22',214,0,1),(269,'2017-06-22',289,300000,1),(270,'2017-06-22',290,3000,1),(271,'2017-06-22',291,3000,1),(272,'2017-06-22',292,0,1),(273,'2017-06-22',269,450000,1),(274,'2017-06-22',270,3000,1),(275,'2017-06-22',271,10000,1),(276,'2017-06-22',272,500,1),(277,'2017-06-22',277,130000,1),(278,'2017-06-22',278,3000,1),(279,'2017-06-22',279,6000,1),(280,'2017-06-22',280,0,1),(281,'2017-06-22',285,100000,1),(282,'2017-06-22',286,3000,1),(283,'2017-06-22',287,4000,1),(284,'2017-06-22',288,0,1),(285,'2017-06-22',281,80000,1),(286,'2017-06-22',282,3000,1),(287,'2017-06-22',283,6000,1),(288,'2017-06-22',284,0,1),(289,'2017-06-22',293,100000,1),(290,'2017-06-22',294,3000,1),(291,'2017-06-22',295,2000,1),(292,'2017-06-22',296,0,1),(293,'2017-06-22',273,200000,1),(294,'2017-06-22',274,3000,1),(295,'2017-06-22',275,5000,1),(296,'2017-06-22',276,0,1),(297,'2017-06-22',353,180000,1),(298,'2017-06-22',354,3000,1),(299,'2017-06-22',355,1000,1),(300,'2017-06-22',356,0,1),(301,'2017-06-22',335,150000,1),(302,'2017-06-22',336,3000,1),(303,'2017-06-22',337,1500,1),(304,'2017-06-22',324,100000,1),(305,'2017-06-22',325,3000,1),(306,'2017-06-22',326,1000,1),(307,'2017-06-22',327,0,1),(308,'2017-06-22',328,100000,1),(309,'2017-06-22',329,3000,1),(310,'2017-06-22',330,1500,1),(311,'2017-06-22',331,0,1),(312,'2017-06-22',349,220000,1),(313,'2017-06-22',350,3000,1),(314,'2017-06-22',351,1000,1),(315,'2017-06-22',352,0,1),(316,'2017-06-22',305,160000,1),(317,'2017-06-22',306,3000,1),(318,'2017-06-22',307,1000,1),(319,'2017-06-22',338,250000,1),(320,'2017-06-22',339,3000,1),(321,'2017-06-22',340,2000,1),(322,'2017-06-22',341,0,1),(323,'2017-06-22',301,160000,1),(324,'2017-06-22',302,3000,1),(325,'2017-06-22',303,10000,1),(326,'2017-06-22',304,0,1),(327,'2017-06-22',357,120000,1),(328,'2017-06-22',358,3000,1),(329,'2017-06-22',359,1000,1),(330,'2017-06-22',297,200000,1),(331,'2017-06-22',298,3000,1),(332,'2017-06-22',299,8000,1),(333,'2017-06-22',300,500,1),(334,'2017-06-22',360,250000,1),(335,'2017-06-22',361,3000,1),(336,'2017-06-22',362,4000,1),(337,'2017-06-22',363,0,1),(338,'2017-06-22',346,180000,1),(339,'2017-06-22',347,3000,1),(340,'2017-06-22',348,1000,1),(341,'2017-06-22',342,250000,1),(342,'2017-06-22',343,3000,1),(343,'2017-06-22',344,3000,1),(344,'2017-06-22',345,0,1),(345,'2017-06-22',316,160000,1),(346,'2017-06-22',317,3000,1),(347,'2017-06-22',318,3000,1),(348,'2017-06-22',319,0,1),(349,'2017-06-22',312,220000,1),(350,'2017-06-22',313,3000,1),(351,'2017-06-22',314,1000,1),(352,'2017-06-22',315,0,1),(353,'2017-06-22',320,150000,1),(354,'2017-06-22',321,3000,1),(355,'2017-06-22',322,1500,1),(356,'2017-06-22',323,0,1),(357,'2017-06-22',308,100000,1),(358,'2017-06-22',309,3000,1),(359,'2017-06-22',310,1000,1),(360,'2017-06-22',311,0,1),(361,'2017-06-22',332,90000,1),(362,'2017-06-22',333,3000,1),(363,'2017-06-22',334,1500,1),(364,'2017-06-22',425,80000,1),(365,'2017-06-22',426,200000,1),(366,'2017-06-22',427,3000,1),(367,'2017-06-22',428,0,1),(368,'2017-06-22',401,50000,1),(369,'2017-06-22',402,100000,1),(370,'2017-06-22',403,1000,1),(371,'2017-06-22',404,0,1),(372,'2017-06-22',413,200000,1),(373,'2017-06-22',414,150000,1),(374,'2017-06-22',415,4000,1),(375,'2017-06-22',416,0,1),(376,'2017-06-22',393,100000,1),(377,'2017-06-22',394,100000,1),(378,'2017-06-22',395,4000,1),(379,'2017-06-22',396,0,1),(380,'2017-06-22',429,40000,1),(381,'2017-06-22',430,100000,1),(382,'2017-06-22',431,500,1),(383,'2017-06-22',432,0,1),(384,'2017-06-22',409,100000,1),(385,'2017-06-22',410,200000,1),(386,'2017-06-22',411,3000,1),(387,'2017-06-22',412,0,1),(388,'2017-06-22',417,170000,1),(389,'2017-06-22',418,300000,1),(390,'2017-06-22',419,4000,1),(391,'2017-06-22',420,0,1),(392,'2017-06-22',397,100000,1),(393,'2017-06-22',398,150000,1),(394,'2017-06-22',399,2000,1),(395,'2017-06-22',400,0,1),(396,'2017-06-22',405,100000,1),(397,'2017-06-22',406,200000,1),(398,'2017-06-22',407,3000,1),(399,'2017-06-22',408,0,1),(400,'2017-06-22',368,90000,1),(401,'2017-06-22',369,150000,1),(402,'2017-06-22',370,5000,1),(403,'2017-06-22',371,0,1),(404,'2017-06-22',386,80000,1),(405,'2017-06-22',387,100000,1),(406,'2017-06-22',388,4000,1),(407,'2017-06-22',364,300000,1),(408,'2017-06-22',365,500000,1),(409,'2017-06-22',366,5000,1),(410,'2017-06-22',367,500,1),(411,'2017-06-22',382,100000,1),(412,'2017-06-22',383,100000,1),(413,'2017-06-22',384,2000,1),(414,'2017-06-22',385,0,1),(415,'2017-06-22',389,80000,1),(416,'2017-06-22',390,100000,1),(417,'2017-06-22',391,500,1),(418,'2017-06-22',392,0,1),(419,'2017-06-22',372,150000,1),(420,'2017-06-22',373,150000,1),(421,'2017-06-22',374,5000,1),(422,'2017-06-22',375,130000,1),(423,'2017-06-22',376,100000,1),(424,'2017-06-22',377,5000,1),(425,'2017-06-22',378,0,1),(426,'2017-06-22',421,80000,1),(427,'2017-06-22',422,100000,1),(428,'2017-06-22',423,2000,1),(429,'2017-06-22',424,0,1),(430,'2017-06-22',379,70000,1),(431,'2017-06-22',380,100000,1),(432,'2017-06-22',381,2000,1),(433,'2017-06-22',441,200000,1),(434,'2017-06-22',442,3000,1),(435,'2017-06-22',443,2000,1),(436,'2017-06-22',444,0,1),(437,'2017-06-22',465,180000,1),(438,'2017-06-22',466,3000,1),(439,'2017-06-22',467,2000,1),(440,'2017-06-22',468,0,1),(441,'2017-06-22',473,80000,1),(442,'2017-06-22',474,3000,1),(443,'2017-06-22',475,2000,1),(444,'2017-06-22',476,0,1),(445,'2017-06-22',445,150000,1),(446,'2017-06-22',446,3000,1),(447,'2017-06-22',447,1000,1),(448,'2017-06-22',448,0,1),(449,'2017-06-22',433,300000,1),(450,'2017-06-22',434,3000,1),(451,'2017-06-22',435,8000,1),(452,'2017-06-22',436,500,1),(453,'2017-06-22',449,180000,1),(454,'2017-06-22',450,3000,1),(455,'2017-06-22',451,2000,1),(456,'2017-06-22',452,0,1),(457,'2017-06-22',461,250000,1),(458,'2017-06-22',462,3000,1),(459,'2017-06-22',463,2000,1),(460,'2017-06-22',464,0,1),(461,'2017-06-22',453,180000,1),(462,'2017-06-22',454,3000,1),(463,'2017-06-22',455,1000,1),(464,'2017-06-22',456,0,1),(465,'2017-06-22',457,300000,1),(466,'2017-06-22',458,3000,1),(467,'2017-06-22',459,3000,1),(468,'2017-06-22',460,0,1),(469,'2017-06-22',437,150000,1),(470,'2017-06-22',438,3000,1),(471,'2017-06-22',439,2000,1),(472,'2017-06-22',440,0,1),(473,'2017-06-22',469,180000,1),(474,'2017-06-22',470,3000,1),(475,'2017-06-22',471,2000,1),(476,'2017-06-22',472,0,1),(477,'2017-06-22',508,120000,1),(478,'2017-06-22',509,170000,1),(479,'2017-06-22',510,1000,1),(480,'2017-06-22',505,90000,1),(481,'2017-06-22',506,60000,1),(482,'2017-06-22',507,1000,1),(483,'2017-06-22',511,80000,1),(484,'2017-06-22',512,30000,1),(485,'2017-06-22',513,1000,1),(486,'2017-06-22',496,70000,1),(487,'2017-06-22',497,100000,1),(488,'2017-06-22',498,1000,1),(489,'2017-06-22',520,150000,1),(490,'2017-06-22',521,300000,1),(491,'2017-06-22',522,3000,1),(492,'2017-06-22',517,100000,1),(493,'2017-06-22',518,100000,1),(494,'2017-06-22',519,1500,1),(495,'2017-06-22',477,250000,1),(496,'2017-06-22',478,500000,1),(497,'2017-06-22',479,7000,1),(498,'2017-06-22',480,500,1),(499,'2017-06-22',502,150000,1),(500,'2017-06-22',503,150000,1),(501,'2017-06-22',504,1000,1),(502,'2017-06-22',493,100000,1),(503,'2017-06-22',494,100000,1),(504,'2017-06-22',495,1000,1),(505,'2017-06-22',514,150000,1),(506,'2017-06-22',515,80000,1),(507,'2017-06-22',516,1500,1),(508,'2017-06-22',484,70000,1),(509,'2017-06-22',485,130000,1),(510,'2017-06-22',486,1000,1),(511,'2017-06-22',490,80000,1),(512,'2017-06-22',491,100000,1),(513,'2017-06-22',492,1000,1),(514,'2017-06-22',487,70000,1),(515,'2017-06-22',488,200000,1),(516,'2017-06-22',489,1000,1),(517,'2017-06-22',481,200000,1),(518,'2017-06-22',482,150000,1),(519,'2017-06-22',483,1500,1),(520,'2017-06-22',499,100000,1),(521,'2017-06-22',500,3000,1),(522,'2017-06-22',501,1000,1),(523,'2017-06-22',546,130000,1),(524,'2017-06-22',547,50000,1),(525,'2017-06-22',548,2000,1),(526,'2017-06-22',549,0,1),(527,'2017-06-22',534,250000,1),(528,'2017-06-22',535,50000,1),(529,'2017-06-22',536,10000,1),(530,'2017-06-22',537,0,1),(531,'2017-06-22',542,100000,1),(532,'2017-06-22',543,50000,1),(533,'2017-06-22',544,2000,1),(534,'2017-06-22',545,0,1),(535,'2017-06-22',550,70000,1),(536,'2017-06-22',551,50000,1),(537,'2017-06-22',552,1000,1),(538,'2017-06-22',553,0,1),(539,'2017-06-22',523,300000,1),(540,'2017-06-22',524,50000,1),(541,'2017-06-22',525,5000,1),(542,'2017-06-22',526,500,1),(543,'2017-06-22',527,180000,1),(544,'2017-06-22',528,50000,1),(545,'2017-06-22',529,3000,1),(546,'2017-06-22',530,0,1),(547,'2017-06-22',538,150000,1),(548,'2017-06-22',539,50000,1),(549,'2017-06-22',540,8000,1),(550,'2017-06-22',541,0,1),(551,'2017-06-22',531,150000,1),(552,'2017-06-22',532,100000,1),(553,'2017-06-22',533,2000,1),(554,'2017-06-22',581,100000,1),(555,'2017-06-22',582,200000,1),(556,'2017-06-22',583,1000,1),(557,'2017-06-22',584,0,1),(558,'2017-06-22',573,150000,1),(559,'2017-06-22',574,300000,1),(560,'2017-06-22',575,1500,1),(561,'2017-06-22',576,0,1),(562,'2017-06-22',554,200000,1),(563,'2017-06-22',555,50000,1),(564,'2017-06-22',556,5000,1),(565,'2017-06-22',557,500,1),(566,'2017-06-22',565,130000,1),(567,'2017-06-22',566,50000,1),(568,'2017-06-22',567,1000,1),(569,'2017-06-22',568,0,1),(570,'2017-06-22',604,130000,1),(571,'2017-06-22',605,50000,1),(572,'2017-06-22',606,1500,1),(573,'2017-06-22',562,150000,1),(574,'2017-06-22',563,200000,1),(575,'2017-06-22',564,2000,1),(576,'2017-06-22',585,100000,1),(577,'2017-06-22',586,50000,1),(578,'2017-06-22',587,1000,1),(579,'2017-06-22',569,250000,1),(580,'2017-06-22',570,180000,1),(581,'2017-06-22',571,1000,1),(582,'2017-06-22',572,0,1),(583,'2017-06-22',558,400000,1),(584,'2017-06-22',559,500000,1),(585,'2017-06-22',560,10000,1),(586,'2017-06-22',561,0,1),(587,'2017-06-22',596,120000,1),(588,'2017-06-22',597,50000,1),(589,'2017-06-22',598,1000,1),(590,'2017-06-22',599,0,1),(591,'2017-06-22',577,300000,1),(592,'2017-06-22',578,250000,1),(593,'2017-06-22',579,5000,1),(594,'2017-06-22',580,0,1),(595,'2017-06-22',600,120000,1),(596,'2017-06-22',601,50000,1),(597,'2017-06-22',602,1500,1),(598,'2017-06-22',603,0,1),(599,'2017-06-22',588,100000,1),(600,'2017-06-22',589,150000,1),(601,'2017-06-22',590,1500,1),(602,'2017-06-22',591,0,1),(603,'2017-06-22',592,80000,1),(604,'2017-06-22',593,50000,1),(605,'2017-06-22',594,1000,1),(606,'2017-06-22',595,0,1),(607,'2017-06-22',633,90000,1),(608,'2017-06-22',634,3000,1),(609,'2017-06-22',635,2000,1),(610,'2017-06-22',636,0,1),(611,'2017-06-22',607,150000,1),(612,'2017-06-22',608,3000,1),(613,'2017-06-22',609,3000,1),(614,'2017-06-22',610,500,1),(615,'2017-06-22',619,90000,1),(616,'2017-06-22',620,3000,1),(617,'2017-06-22',621,1000,1),(618,'2017-06-22',622,40000,1),(619,'2017-06-22',623,3000,1),(620,'2017-06-22',624,1000,1),(621,'2017-06-22',625,70000,1),(622,'2017-06-22',626,3000,1),(623,'2017-06-22',627,1000,1),(624,'2017-06-22',628,0,1),(625,'2017-06-22',615,70000,1),(626,'2017-06-22',616,0,1),(627,'2017-06-22',617,2000,1),(628,'2017-06-22',618,0,1),(629,'2017-06-22',611,80000,1),(630,'2017-06-22',612,3000,1),(631,'2017-06-22',613,2000,1),(632,'2017-06-22',614,0,1),(633,'2017-06-22',629,70000,1),(634,'2017-06-22',630,3000,1),(635,'2017-06-22',631,2000,1),(636,'2017-06-22',632,0,1),(637,'2017-06-22',648,50000,1),(638,'2017-06-22',649,3000,1),(639,'2017-06-22',650,6000,1),(640,'2017-06-22',651,0,1),(641,'2017-06-22',669,150000,1),(642,'2017-06-22',670,3000,1),(643,'2017-06-22',671,2000,1),(644,'2017-06-22',672,0,1),(645,'2017-06-22',641,70000,1),(646,'2017-06-22',642,3000,1),(647,'2017-06-22',643,1000,1),(648,'2017-06-22',652,50000,1),(649,'2017-06-22',653,3000,1),(650,'2017-06-22',654,1000,1),(651,'2017-06-22',655,0,1),(652,'2017-06-22',637,140000,1),(653,'2017-06-22',638,3000,1),(654,'2017-06-22',639,5000,1),(655,'2017-06-22',640,500,1),(656,'2017-06-22',644,100000,1),(657,'2017-06-22',645,3000,1),(658,'2017-06-22',646,10000,1),(659,'2017-06-22',647,0,1),(660,'2017-06-22',665,200000,1),(661,'2017-06-22',666,3000,1),(662,'2017-06-22',667,2000,1),(663,'2017-06-22',668,0,1),(664,'2017-06-22',662,50000,1),(665,'2017-06-22',663,3000,1),(666,'2017-06-22',664,1000,1),(667,'2017-06-22',656,60000,1),(668,'2017-06-22',657,3000,1),(669,'2017-06-22',658,1000,1),(670,'2017-06-22',659,60000,1),(671,'2017-06-22',660,3000,1),(672,'2017-06-22',661,1000,1),(673,'2017-06-22',711,90000,1),(674,'2017-06-22',712,3000,1),(675,'2017-06-22',713,1000,1),(676,'2017-06-22',714,0,1),(677,'2017-06-22',719,130000,1),(678,'2017-06-22',720,3000,1),(679,'2017-06-22',721,2500,1),(680,'2017-06-22',722,0,1),(681,'2017-06-22',693,250000,1),(682,'2017-06-22',694,3000,1),(683,'2017-06-22',695,1500,1),(684,'2017-06-22',696,0,1),(685,'2017-06-22',727,400000,1),(686,'2017-06-22',728,3000,1),(687,'2017-06-22',729,5000,1),(688,'2017-06-22',730,0,1),(689,'2017-06-22',697,300000,1),(690,'2017-06-22',698,3000,1),(691,'2017-06-22',699,1500,1),(692,'2017-06-22',673,150000,1),(693,'2017-06-22',674,3000,1),(694,'2017-06-22',675,5000,1),(695,'2017-06-22',676,500,1),(696,'2017-06-22',689,230000,1),(697,'2017-06-22',690,3000,1),(698,'2017-06-22',691,1500,1),(699,'2017-06-22',692,0,1),(700,'2017-06-22',700,160000,1),(701,'2017-06-22',701,3000,1),(702,'2017-06-22',702,1000,1),(703,'2017-06-22',703,0,1),(704,'2017-06-22',723,250000,1),(705,'2017-06-22',724,3000,1),(706,'2017-06-22',725,5000,1),(707,'2017-06-22',726,0,1),(708,'2017-06-22',704,120000,1),(709,'2017-06-22',705,3000,1),(710,'2017-06-22',706,1000,1),(711,'2017-06-22',707,0,1),(712,'2017-06-22',715,180000,1),(713,'2017-06-22',716,3000,1),(714,'2017-06-22',717,5000,1),(715,'2017-06-22',718,0,1),(716,'2017-06-22',685,150000,1),(717,'2017-06-22',686,10000,1),(718,'2017-06-22',687,2000,1),(719,'2017-06-22',688,0,1),(720,'2017-06-22',708,200000,1),(721,'2017-06-22',709,3000,1),(722,'2017-06-22',710,3000,1),(723,'2017-06-22',735,180000,1),(724,'2017-06-22',736,3000,1),(725,'2017-06-22',737,3000,1),(726,'2017-06-22',738,0,1),(727,'2017-06-22',739,250000,1),(728,'2017-06-22',740,3000,1),(729,'2017-06-22',741,3000,1),(730,'2017-06-22',742,0,1),(731,'2017-06-22',681,130000,1),(732,'2017-06-22',682,3000,1),(733,'2017-06-22',683,1000,1),(734,'2017-06-22',684,0,1),(735,'2017-06-22',677,250000,1),(736,'2017-06-22',678,10000,1),(737,'2017-06-22',679,5000,1),(738,'2017-06-22',680,0,1),(739,'2017-06-22',731,200000,1),(740,'2017-06-22',732,3000,1),(741,'2017-06-22',733,10000,1),(742,'2017-06-22',734,0,1),(743,'2017-06-22',751,250000,1),(744,'2017-06-22',752,3000,1),(745,'2017-06-22',753,2500,1),(746,'2017-06-22',754,0,1),(747,'2017-06-22',779,200000,1),(748,'2017-06-22',780,3000,1),(749,'2017-06-22',781,2000,1),(750,'2017-06-22',782,0,1),(751,'2017-06-22',763,130000,1),(752,'2017-06-22',764,3000,1),(753,'2017-06-22',765,1500,1),(754,'2017-06-22',766,0,1),(755,'2017-06-22',787,200000,1),(756,'2017-06-22',788,3000,1),(757,'2017-06-22',789,4000,1),(758,'2017-06-22',790,0,1),(759,'2017-06-22',775,400000,1),(760,'2017-06-22',776,3000,1),(761,'2017-06-22',777,10000,1),(762,'2017-06-22',778,0,1),(763,'2017-06-22',771,220000,1),(764,'2017-06-22',772,3000,1),(765,'2017-06-22',773,3000,1),(766,'2017-06-22',774,0,1),(767,'2017-06-22',747,350000,1),(768,'2017-06-22',748,3000,1),(769,'2017-06-22',749,4000,1),(770,'2017-06-22',750,0,1),(771,'2017-06-22',743,500000,1),(772,'2017-06-22',744,3000,1),(773,'2017-06-22',745,5000,1),(774,'2017-06-22',746,500,1),(775,'2017-06-22',767,150000,1),(776,'2017-06-22',768,3000,1),(777,'2017-06-22',769,1500,1),(778,'2017-06-22',770,0,1),(779,'2017-06-22',759,100000,1),(780,'2017-06-22',760,3000,1),(781,'2017-06-22',761,1500,1),(782,'2017-06-22',762,0,1),(783,'2017-06-22',795,450000,1),(784,'2017-06-22',796,3000,1),(785,'2017-06-22',797,4000,1),(786,'2017-06-22',798,0,1),(787,'2017-06-22',791,250000,1),(788,'2017-06-22',792,3000,1),(789,'2017-06-22',793,6000,1),(790,'2017-06-22',794,0,1),(791,'2017-06-22',755,450000,1),(792,'2017-06-22',756,3000,1),(793,'2017-06-22',757,4000,1),(794,'2017-06-22',758,0,1),(795,'2017-06-22',783,250000,1),(796,'2017-06-22',784,3000,1),(797,'2017-06-22',785,5000,1),(798,'2017-06-22',786,0,1),(799,'2017-06-22',843,150000,1),(800,'2017-06-22',844,3000,1),(801,'2017-06-22',845,4000,1),(802,'2017-06-22',846,0,1),(803,'2017-06-22',815,130000,1),(804,'2017-06-22',816,3000,1),(805,'2017-06-22',817,1500,1),(806,'2017-06-22',818,0,1),(807,'2017-06-22',839,300000,1),(808,'2017-06-22',840,3000,1),(809,'2017-06-22',841,4500,1),(810,'2017-06-22',842,0,1),(811,'2017-06-22',875,230000,1),(812,'2017-06-22',876,3000,1),(813,'2017-06-22',877,5000,1),(814,'2017-06-22',878,0,1),(815,'2017-06-22',847,200000,1),(816,'2017-06-22',848,10000,1),(817,'2017-06-22',849,2000,1),(818,'2017-06-22',850,0,1),(819,'2017-06-22',867,500000,1),(820,'2017-06-22',868,0,1),(821,'2017-06-22',869,5000,1),(822,'2017-06-22',870,0,1),(823,'2017-06-22',859,400000,1),(824,'2017-06-22',860,10000,1),(825,'2017-06-22',861,5000,1),(826,'2017-06-22',862,0,1),(827,'2017-06-22',835,80000,1),(828,'2017-06-22',836,3000,1),(829,'2017-06-22',837,3000,1),(830,'2017-06-22',838,0,1),(831,'2017-06-22',863,400000,1),(832,'2017-06-22',864,10000,1),(833,'2017-06-22',865,10000,1),(834,'2017-06-22',866,0,1),(835,'2017-06-22',827,200000,1),(836,'2017-06-22',828,3000,1),(837,'2017-06-22',829,3000,1),(838,'2017-06-22',830,0,1),(839,'2017-06-22',823,230000,1),(840,'2017-06-22',824,3000,1),(841,'2017-06-22',825,5000,1),(842,'2017-06-22',826,0,1),(843,'2017-06-22',879,150000,1),(844,'2017-06-22',880,3000,1),(845,'2017-06-22',881,3000,1),(846,'2017-06-22',882,0,1),(847,'2017-06-22',871,50000,1),(848,'2017-06-22',872,3000,1),(849,'2017-06-22',873,1500,1),(850,'2017-06-22',874,0,1),(851,'2017-06-22',831,320000,1),(852,'2017-06-22',832,3000,1),(853,'2017-06-22',833,4500,1),(854,'2017-06-22',834,0,1),(855,'2017-06-22',799,200000,1),(856,'2017-06-22',800,3000,1),(857,'2017-06-22',801,5000,1),(858,'2017-06-22',802,500,1),(859,'2017-06-22',851,300000,1),(860,'2017-06-22',852,10000,1),(861,'2017-06-22',853,2000,1),(862,'2017-06-22',854,0,1),(863,'2017-06-22',807,110000,1),(864,'2017-06-22',808,3000,1),(865,'2017-06-22',809,2000,1),(866,'2017-06-22',810,0,1),(867,'2017-06-22',855,120000,1),(868,'2017-06-22',856,3000,1),(869,'2017-06-22',857,2000,1),(870,'2017-06-22',858,0,1),(871,'2017-06-22',819,120000,1),(872,'2017-06-22',820,3000,1),(873,'2017-06-22',821,5000,1),(874,'2017-06-22',822,0,1),(875,'2017-06-22',811,120000,1),(876,'2017-06-22',812,3000,1),(877,'2017-06-22',813,1500,1),(878,'2017-06-22',814,0,1),(879,'2017-06-22',803,200000,1),(880,'2017-06-22',804,3000,1),(881,'2017-06-22',805,4000,1),(882,'2017-06-22',806,0,1),(883,'2017-06-22',914,40000,1),(884,'2017-06-22',915,3000,1),(885,'2017-06-22',916,4000,1),(886,'2017-06-22',917,0,1),(887,'2017-06-22',918,40000,1),(888,'2017-06-22',919,3000,1),(889,'2017-06-22',920,1000,1),(890,'2017-06-22',887,150000,1),(891,'2017-06-22',888,3000,1),(892,'2017-06-22',889,1500,1),(893,'2017-06-22',910,200000,1),(894,'2017-06-22',911,3000,1),(895,'2017-06-22',912,8000,1),(896,'2017-06-22',913,0,1),(897,'2017-06-22',902,200000,1),(898,'2017-06-22',903,3000,1),(899,'2017-06-22',904,5000,1),(900,'2017-06-22',905,0,1),(901,'2017-06-22',898,100000,1),(902,'2017-06-22',899,3000,1),(903,'2017-06-22',900,1500,1),(904,'2017-06-22',901,0,1),(905,'2017-06-22',906,130000,1),(906,'2017-06-22',907,3000,1),(907,'2017-06-22',908,4000,1),(908,'2017-06-22',909,0,1),(909,'2017-06-22',890,120000,1),(910,'2017-06-22',891,3000,1),(911,'2017-06-22',892,2000,1),(912,'2017-06-22',893,0,1),(913,'2017-06-22',883,120000,1),(914,'2017-06-22',884,3000,1),(915,'2017-06-22',885,6000,1),(916,'2017-06-22',886,500,1),(917,'2017-06-22',894,100000,1),(918,'2017-06-22',895,3000,1),(919,'2017-06-22',896,2000,1),(920,'2017-06-22',897,0,1),(921,'2017-06-22',921,100000,1),(922,'2017-06-22',922,3000,1),(923,'2017-06-22',923,3000,1),(924,'2017-06-22',924,0,1),(925,'2017-06-22',925,250000,1),(926,'2017-06-22',926,3000,1),(927,'2017-06-22',927,4000,1),(928,'2017-06-22',928,500,1),(929,'2017-06-22',933,150000,1),(930,'2017-06-22',934,3000,1),(931,'2017-06-22',935,2000,1),(932,'2017-06-22',936,0,1),(933,'2017-06-22',929,250000,1),(934,'2017-06-22',930,3000,1),(935,'2017-06-22',931,5000,1),(936,'2017-06-22',932,500,1),(937,'2017-06-22',975,250000,1),(938,'2017-06-22',976,20000,1),(939,'2017-06-22',977,4000,1),(940,'2017-06-22',978,0,1),(941,'2017-06-22',956,100000,1),(942,'2017-06-22',957,3000,1),(943,'2017-06-22',958,3000,1),(944,'2017-06-22',959,0,1),(945,'2017-06-22',964,150000,1),(946,'2017-06-22',965,3000,1),(947,'2017-06-22',966,2000,1),(948,'2017-06-22',967,0,1),(949,'2017-06-22',952,200000,1),(950,'2017-06-22',953,3000,1),(951,'2017-06-22',954,4000,1),(952,'2017-06-22',955,0,1),(953,'2017-06-22',968,180000,1),(954,'2017-06-22',969,3000,1),(955,'2017-06-22',970,2000,1),(956,'2017-06-22',971,0,1),(957,'2017-06-22',972,150000,1),(958,'2017-06-22',973,3000,1),(959,'2017-06-22',974,1000,1),(960,'2017-06-22',960,120000,1),(961,'2017-06-22',961,3000,1),(962,'2017-06-22',962,1000,1),(963,'2017-06-22',963,0,1),(964,'2017-06-22',937,2000000,1),(965,'2017-06-22',938,100000,1),(966,'2017-06-22',939,30000,1),(967,'2017-06-22',940,0,1),(968,'2017-06-22',941,250000,1),(969,'2017-06-22',942,20000,1),(970,'2017-06-22',943,3000,1),(971,'2017-06-22',944,0,1),(972,'2017-06-22',948,250000,1),(973,'2017-06-22',949,20000,1),(974,'2017-06-22',950,4000,1),(975,'2017-06-22',951,0,1),(976,'2017-06-22',945,200000,1),(977,'2017-06-22',946,10000,1),(978,'2017-06-22',947,3000,1),(979,'2017-06-22',983,200000,1),(980,'2017-06-22',984,200000,1),(981,'2017-06-22',985,3500,1),(982,'2017-06-22',986,0,1),(983,'2017-06-22',991,250000,1),(984,'2017-06-22',992,150000,1),(985,'2017-06-22',993,5000,1),(986,'2017-06-22',994,0,1),(987,'2017-06-22',1003,180000,1),(988,'2017-06-22',1004,150000,1),(989,'2017-06-22',1005,1500,1),(990,'2017-06-22',1006,0,1),(991,'2017-06-22',987,100000,1),(992,'2017-06-22',988,200000,1),(993,'2017-06-22',989,1000,1),(994,'2017-06-22',990,0,1),(995,'2017-06-22',979,280000,1),(996,'2017-06-22',980,300000,1),(997,'2017-06-22',981,5000,1),(998,'2017-06-22',982,500,1),(999,'2017-06-22',995,110000,1),(1000,'2017-06-22',996,150000,1),(1001,'2017-06-22',997,2000,1),(1002,'2017-06-22',998,0,1),(1003,'2017-06-22',999,80000,1),(1004,'2017-06-22',1000,200000,1),(1005,'2017-06-22',1001,1000,1),(1006,'2017-06-22',1002,0,1),(1007,'2017-06-22',1023,150000,1),(1008,'2017-06-22',1024,5000,1),(1009,'2017-06-22',1025,2500,1),(1010,'2017-06-22',1026,0,1),(1011,'2017-06-22',1051,180000,1),(1012,'2017-06-22',1052,5000,1),(1013,'2017-06-22',1053,1500,1),(1014,'2017-06-22',1054,0,1),(1015,'2017-06-22',1047,250000,1),(1016,'2017-06-22',1048,5000,1),(1017,'2017-06-22',1049,1500,1),(1018,'2017-06-22',1050,0,1),(1019,'2017-06-22',1071,350000,1),(1020,'2017-06-22',1072,5000,1),(1021,'2017-06-22',1073,5000,1),(1022,'2017-06-22',1074,0,1),(1023,'2017-06-22',1035,200000,1),(1024,'2017-06-22',1036,5000,1),(1025,'2017-06-22',1037,3000,1),(1026,'2017-06-22',1038,0,1),(1027,'2017-06-22',1039,200000,1),(1028,'2017-06-22',1040,5000,1),(1029,'2017-06-22',1041,1500,1),(1030,'2017-06-22',1042,0,1),(1031,'2017-06-22',1015,0,1),(1032,'2017-06-22',1016,0,1),(1033,'2017-06-22',1017,0,1),(1034,'2017-06-22',1018,0,1),(1035,'2017-06-22',1063,200000,1),(1036,'2017-06-22',1064,5000,1),(1037,'2017-06-22',1065,2000,1),(1038,'2017-06-22',1066,0,1),(1039,'2017-06-22',1007,200000,1),(1040,'2017-06-22',1008,5000,1),(1041,'2017-06-22',1009,5000,1),(1042,'2017-06-22',1010,500,1),(1043,'2017-06-22',1059,400000,1),(1044,'2017-06-22',1060,5000,1),(1045,'2017-06-22',1061,4000,1),(1046,'2017-06-22',1062,0,1),(1047,'2017-06-22',1067,250000,1),(1048,'2017-06-22',1068,5000,1),(1049,'2017-06-22',1069,3000,1),(1050,'2017-06-22',1070,0,1),(1051,'2017-06-22',1075,250000,1),(1052,'2017-06-22',1076,5000,1),(1053,'2017-06-22',1077,3000,1),(1054,'2017-06-22',1078,0,1),(1055,'2017-06-22',1055,200000,1),(1056,'2017-06-22',1056,5000,1),(1057,'2017-06-22',1057,3000,1),(1058,'2017-06-22',1058,0,1),(1059,'2017-06-22',1031,250000,1),(1060,'2017-06-22',1032,5000,1),(1061,'2017-06-22',1033,3000,1),(1062,'2017-06-22',1034,0,1),(1063,'2017-06-22',1019,250000,1),(1064,'2017-06-22',1020,5000,1),(1065,'2017-06-22',1021,3000,1),(1066,'2017-06-22',1022,0,1),(1067,'2017-06-22',1043,200000,1),(1068,'2017-06-22',1044,5000,1),(1069,'2017-06-22',1045,2000,1),(1070,'2017-06-22',1046,0,1),(1071,'2017-06-22',1011,100000,1),(1072,'2017-06-22',1012,5000,1),(1073,'2017-06-22',1013,2000,1),(1074,'2017-06-22',1014,0,1),(1075,'2017-06-22',1027,150000,1),(1076,'2017-06-22',1028,5000,1),(1077,'2017-06-22',1029,2500,1),(1078,'2017-06-22',1030,0,1),(1079,'2017-06-22',1079,200000,1),(1080,'2017-06-22',1080,5000,1),(1081,'2017-06-22',1081,1000,1),(1082,'2017-06-22',1082,0,1),(1083,'2017-06-22',1101,150000,1),(1084,'2017-06-22',1102,3000,1),(1085,'2017-06-22',1103,1500,1),(1086,'2017-06-22',1104,0,1),(1087,'2017-06-22',1089,150000,1),(1088,'2017-06-22',1090,20000,1),(1089,'2017-06-22',1091,3000,1),(1090,'2017-06-22',1092,0,1),(1091,'2017-06-22',1083,150000,1),(1092,'2017-06-22',1084,3000,1),(1093,'2017-06-22',1085,2000,1),(1094,'2017-06-22',1109,180000,1),(1095,'2017-06-22',1110,3000,1),(1096,'2017-06-22',1111,1000,1),(1097,'2017-06-22',1112,0,1),(1098,'2017-06-22',1097,200000,1),(1099,'2017-06-22',1098,3000,1),(1100,'2017-06-22',1099,1000,1),(1101,'2017-06-22',1100,0,1),(1102,'2017-06-22',1086,250000,1),(1103,'2017-06-22',1087,3000,1),(1104,'2017-06-22',1088,2000,1),(1105,'2017-06-22',1093,220000,1),(1106,'2017-06-22',1094,20000,1),(1107,'2017-06-22',1095,3000,1),(1108,'2017-06-22',1096,0,1),(1109,'2017-06-22',1105,80000,1),(1110,'2017-06-22',1106,3000,1),(1111,'2017-06-22',1107,1000,1),(1112,'2017-06-22',1108,0,1),(1113,'2017-06-22',1133,150000,1),(1114,'2017-06-22',1134,3000,1),(1115,'2017-06-22',1135,2000,1),(1116,'2017-06-22',1136,0,1),(1117,'2017-06-22',1113,180000,1),(1118,'2017-06-22',1114,3000,1),(1119,'2017-06-22',1115,5000,1),(1120,'2017-06-22',1116,500,1),(1121,'2017-06-22',1117,80000,1),(1122,'2017-06-22',1118,3000,1),(1123,'2017-06-22',1119,1000,1),(1124,'2017-06-22',1120,0,1),(1125,'2017-06-22',1125,70000,1),(1126,'2017-06-22',1126,3000,1),(1127,'2017-06-22',1127,3000,1),(1128,'2017-06-22',1128,0,1),(1129,'2017-06-22',1129,120000,1),(1130,'2017-06-22',1130,3000,1),(1131,'2017-06-22',1131,5000,1),(1132,'2017-06-22',1132,0,1),(1133,'2017-06-22',1137,180000,1),(1134,'2017-06-22',1138,3000,1),(1135,'2017-06-22',1139,2000,1),(1136,'2017-06-22',1140,0,1),(1137,'2017-06-22',1121,80000,1),(1138,'2017-06-22',1122,3000,1),(1139,'2017-06-22',1123,1000,1),(1140,'2017-06-22',1124,0,1),(1141,'2017-06-22',1149,160000,1),(1142,'2017-06-22',1150,3000,1),(1143,'2017-06-22',1151,5000,1),(1144,'2017-06-22',1152,0,1),(1145,'2017-06-22',1201,100000,1),(1146,'2017-06-22',1202,3000,1),(1147,'2017-06-22',1203,3000,1),(1148,'2017-06-22',1204,0,1),(1149,'2017-06-22',1197,90000,1),(1150,'2017-06-22',1198,3000,1),(1151,'2017-06-22',1199,2000,1),(1152,'2017-06-22',1200,0,1),(1153,'2017-06-22',1193,140000,1),(1154,'2017-06-22',1194,3000,1),(1155,'2017-06-22',1195,2000,1),(1156,'2017-06-22',1196,0,1),(1157,'2017-06-22',1213,140000,1),(1158,'2017-06-22',1214,3000,1),(1159,'2017-06-22',1215,4000,1),(1160,'2017-06-22',1216,0,1),(1161,'2017-06-22',1165,150000,1),(1162,'2017-06-22',1166,3000,1),(1163,'2017-06-22',1167,5000,1),(1164,'2017-06-22',1168,0,1),(1165,'2017-06-22',1153,120000,1),(1166,'2017-06-22',1154,3000,1),(1167,'2017-06-22',1155,4000,1),(1168,'2017-06-22',1156,0,1),(1169,'2017-06-22',1157,140000,1),(1170,'2017-06-22',1158,3000,1),(1171,'2017-06-22',1159,4000,1),(1172,'2017-06-22',1160,0,1),(1173,'2017-06-22',1169,150000,1),(1174,'2017-06-22',1170,3000,1),(1175,'2017-06-22',1171,6000,1),(1176,'2017-06-22',1172,0,1),(1177,'2017-06-22',1189,120000,1),(1178,'2017-06-22',1190,3000,1),(1179,'2017-06-22',1191,2000,1),(1180,'2017-06-22',1192,0,1),(1181,'2017-06-22',1145,150000,1),(1182,'2017-06-22',1146,3000,1),(1183,'2017-06-22',1147,3000,1),(1184,'2017-06-22',1148,0,1),(1185,'2017-06-22',1173,200000,1),(1186,'2017-06-22',1174,3000,1),(1187,'2017-06-22',1175,6000,1),(1188,'2017-06-22',1176,0,1),(1189,'2017-06-22',1141,150000,1),(1190,'2017-06-22',1142,3000,1),(1191,'2017-06-22',1143,5000,1),(1192,'2017-06-22',1144,500,1),(1193,'2017-06-22',1205,100000,1),(1194,'2017-06-22',1206,3000,1),(1195,'2017-06-22',1207,4000,1),(1196,'2017-06-22',1208,0,1),(1197,'2017-06-22',1181,200000,1),(1198,'2017-06-22',1182,3000,1),(1199,'2017-06-22',1183,4000,1),(1200,'2017-06-22',1184,0,1),(1201,'2017-06-22',1217,100000,1),(1202,'2017-06-22',1218,3000,1),(1203,'2017-06-22',1219,4000,1),(1204,'2017-06-22',1220,0,1),(1205,'2017-06-22',1161,200000,1),(1206,'2017-06-22',1162,3000,1),(1207,'2017-06-22',1163,5000,1),(1208,'2017-06-22',1164,0,1),(1209,'2017-06-22',1209,200000,1),(1210,'2017-06-22',1210,3000,1),(1211,'2017-06-22',1211,5000,1),(1212,'2017-06-22',1212,0,1),(1213,'2017-06-22',1185,350000,1),(1214,'2017-06-22',1186,3000,1),(1215,'2017-06-22',1187,15000,1),(1216,'2017-06-22',1188,0,1),(1217,'2017-06-22',1177,250000,1),(1218,'2017-06-22',1178,3000,1),(1219,'2017-06-22',1179,6000,1),(1220,'2017-06-22',1180,0,1),(1221,'2017-06-22',1248,300000,1),(1222,'2017-06-22',1249,3000,1),(1223,'2017-06-22',1250,20000,1),(1224,'2017-06-22',1251,0,1),(1225,'2017-06-22',1232,150000,1),(1226,'2017-06-22',1233,3000,1),(1227,'2017-06-22',1234,15000,1),(1228,'2017-06-22',1235,0,1),(1229,'2017-06-22',1256,180000,1),(1230,'2017-06-22',1257,3000,1),(1231,'2017-06-22',1258,15000,1),(1232,'2017-06-22',1259,0,1),(1233,'2017-06-22',1252,130000,1),(1234,'2017-06-22',1253,3000,1),(1235,'2017-06-22',1254,10000,1),(1236,'2017-06-22',1255,0,1),(1237,'2017-06-22',1221,0,1),(1238,'2017-06-22',1222,0,1),(1239,'2017-06-22',1223,0,1),(1240,'2017-06-22',1228,220000,1),(1241,'2017-06-22',1229,3000,1),(1242,'2017-06-22',1230,22000,1),(1243,'2017-06-22',1231,0,1),(1244,'2017-06-22',1244,500000,1),(1245,'2017-06-22',1245,3000,1),(1246,'2017-06-22',1246,10000,1),(1247,'2017-06-22',1247,0,1),(1248,'2017-06-22',1236,400000,1),(1249,'2017-06-22',1237,3000,1),(1250,'2017-06-22',1238,15000,1),(1251,'2017-06-22',1239,0,1),(1252,'2017-06-22',1224,250000,1),(1253,'2017-06-22',1225,3000,1),(1254,'2017-06-22',1226,20000,1),(1255,'2017-06-22',1227,0,1),(1256,'2017-06-22',1240,200000,1),(1257,'2017-06-22',1241,3000,1),(1258,'2017-06-22',1242,25000,1),(1259,'2017-06-22',1243,0,1);

/*Table structure for table `n_accounts_cat` */

DROP TABLE IF EXISTS `n_accounts_cat`;

CREATE TABLE `n_accounts_cat` (
  `id` int(11) NOT NULL AUTO_INCREMENT,
  `name` varchar(255) DEFAULT NULL,
  PRIMARY KEY (`id`)
) ENGINE=InnoDB AUTO_INCREMENT=11 DEFAULT CHARSET=utf8;

/*Data for the table `n_accounts_cat` */

insert  into `n_accounts_cat`(`id`,`name`) values (1,' '),(2,'    -   '),(3,'    -   '),(4,'    - '),(5,'    - '),(6,'    -   '),(7,'    - \r\n'),(8,''),(9,''),(10,'');

/*Table structure for table `n_category` */

DROP TABLE IF EXISTS `n_category`;

CREATE TABLE `n_category` (
  `id` int(11) NOT NULL AUTO_INCREMENT,
  `name` varchar(255) DEFAULT NULL,
  PRIMARY KEY (`id`)
) ENGINE=InnoDB AUTO_INCREMENT=7 DEFAULT CHARSET=utf8;

/*Data for the table `n_category` */

insert  into `n_category`(`id`,`name`) values (1,' '),(2,''),(3,' '),(4,' ()'),(5,' (ATM)'),(6,'');

/*Table structure for table `n_currency` */

DROP TABLE IF EXISTS `n_currency`;

CREATE TABLE `n_currency` (
  `id` int(11) NOT NULL AUTO_INCREMENT,
  `name` varchar(255) DEFAULT NULL,
  `desc` text,
  PRIMARY KEY (`id`)
) ENGINE=InnoDB AUTO_INCREMENT=7 DEFAULT CHARSET=utf8;

/*Data for the table `n_currency` */

insert  into `n_currency`(`id`,`name`,`desc`) values (1,'TJS',NULL),(2,'USD',NULL),(3,'RUB',NULL),(4,'EUR',NULL),(5,'UZS',NULL),(6,'KGS',NULL);

/*Table structure for table `n_debcred` */

DROP TABLE IF EXISTS `n_debcred`;

CREATE TABLE `n_debcred` (
  `id` int(11) NOT NULL AUTO_INCREMENT,
  `name` varchar(255) DEFAULT NULL,
  PRIMARY KEY (`id`)
) ENGINE=InnoDB AUTO_INCREMENT=3 DEFAULT CHARSET=utf8;

/*Data for the table `n_debcred` */

insert  into `n_debcred`(`id`,`name`) values (1,''),(2,'');

/*Table structure for table `n_feed` */

DROP TABLE IF EXISTS `n_feed`;

CREATE TABLE `n_feed` (
  `id` int(11) NOT NULL AUTO_INCREMENT,
  `name` varchar(255) DEFAULT NULL,
  PRIMARY KEY (`id`)
) ENGINE=InnoDB AUTO_INCREMENT=3 DEFAULT CHARSET=utf8;

/*Data for the table `n_feed` */

insert  into `n_feed`(`id`,`name`) values (1,''),(2,'');

/*Table structure for table `n_gender` */

DROP TABLE IF EXISTS `n_gender`;

CREATE TABLE `n_gender` (
  `id` int(11) NOT NULL AUTO_INCREMENT,
  `name` varchar(255) DEFAULT NULL,
  PRIMARY KEY (`id`)
) ENGINE=InnoDB AUTO_INCREMENT=3 DEFAULT CHARSET=utf8;

/*Data for the table `n_gender` */

insert  into `n_gender`(`id`,`name`) values (1,''),(2,'');

/*Table structure for table `n_inside_filial` */

DROP TABLE IF EXISTS `n_inside_filial`;

CREATE TABLE `n_inside_filial` (
  `id` int(11) NOT NULL AUTO_INCREMENT,
  `name` varchar(255) DEFAULT NULL,
  PRIMARY KEY (`id`)
) ENGINE=InnoDB AUTO_INCREMENT=3 DEFAULT CHARSET=utf8;

/*Data for the table `n_inside_filial` */

insert  into `n_inside_filial`(`id`,`name`) values (1,''),(2,'');

/*Table structure for table `n_status` */

DROP TABLE IF EXISTS `n_status`;

CREATE TABLE `n_status` (
  `id` int(11) NOT NULL AUTO_INCREMENT,
  `name` varchar(255) DEFAULT NULL,
  PRIMARY KEY (`id`)
) ENGINE=InnoDB AUTO_INCREMENT=3 DEFAULT CHARSET=utf8;

/*Data for the table `n_status` */

insert  into `n_status`(`id`,`name`) values (1,' '),(2,'');

/*Table structure for table `n_storage` */

DROP TABLE IF EXISTS `n_storage`;

CREATE TABLE `n_storage` (
  `id` int(11) NOT NULL AUTO_INCREMENT,
  `name` varchar(255) DEFAULT NULL,
  PRIMARY KEY (`id`)
) ENGINE=InnoDB AUTO_INCREMENT=3 DEFAULT CHARSET=utf8;

/*Data for the table `n_storage` */

insert  into `n_storage`(`id`,`name`) values (1,''),(2,'');

/*Table structure for table `persons` */

DROP TABLE IF EXISTS `persons`;

CREATE TABLE `persons` (
  `id` int(11) NOT NULL AUTO_INCREMENT,
  `login` varchar(255) DEFAULT NULL,
  `password` varchar(255) DEFAULT NULL,
  `code` varchar(255) DEFAULT NULL,
  `name` varchar(255) DEFAULT NULL COMMENT 'fio',
  `id_divisions` int(11) DEFAULT NULL,
  `function` text,
  `date_in` date DEFAULT NULL,
  `date_birth` date DEFAULT NULL,
  `id_gender` int(11) DEFAULT NULL,
  `cell_phone` text,
  `email` varchar(255) DEFAULT NULL,
  `desc` text,
  PRIMARY KEY (`id`)
) ENGINE=InnoDB DEFAULT CHARSET=utf8;

/*Data for the table `persons` */

/*Table structure for table `records` */

DROP TABLE IF EXISTS `records`;

CREATE TABLE `records` (
  `id` int(11) NOT NULL AUTO_INCREMENT,
  `date` date DEFAULT NULL,
  `code_from` varchar(255) DEFAULT NULL,
  `code_to` varchar(255) DEFAULT NULL,
  `balane_in` double DEFAULT NULL,
  `balance_out` double DEFAULT NULL,
  `debet` double DEFAULT NULL,
  `credit` double DEFAULT NULL,
  `desc` text,
  PRIMARY KEY (`id`)
) ENGINE=InnoDB DEFAULT CHARSET=utf8;

/*Data for the table `records` */

/*Table structure for table ` ` */

DROP TABLE IF EXISTS ` `;

/*!50001 DROP VIEW IF EXISTS ` ` */;
/*!50001 DROP TABLE IF EXISTS ` ` */;

/*!50001 CREATE TABLE  ` `(
 `code_1` varchar(255) ,
 `name_address` text ,
 `code` varchar(255) ,
 `id_accounts_cat` int(11) ,
 `name` varchar(255) ,
 `name_acounts_cat` varchar(255) 
)*/;

/*Table structure for table `  ` */

DROP TABLE IF EXISTS `  `;

/*!50001 DROP VIEW IF EXISTS `  ` */;
/*!50001 DROP TABLE IF EXISTS `  ` */;

/*!50001 CREATE TABLE  `  `(
 `code_1` varchar(255) ,
 `name_address` text ,
 `code` varchar(255) ,
 `limit` double ,
 `name` varchar(255) 
)*/;

/*View structure for view   */

/*!50001 DROP TABLE IF EXISTS ` ` */;
/*!50001 DROP VIEW IF EXISTS ` ` */;

/*!50001 CREATE ALGORITHM=UNDEFINED DEFINER=`root`@`localhost` SQL SECURITY DEFINER VIEW ` ` AS (select `divisions`.`code` AS `code_1`,`divisions`.`name_address` AS `name_address`,`accounts`.`code` AS `code`,`accounts`.`id_accounts_cat` AS `id_accounts_cat`,`n_currency`.`name` AS `name`,`n_accounts_cat`.`name` AS `name_acounts_cat` from (((`divisions` join `accounts`) join `n_currency`) join `n_accounts_cat`) where ((`divisions`.`id` = `accounts`.`id_divisions`) and (`n_currency`.`id` = `accounts`.`id_currency`) and (`n_accounts_cat`.`id` = `accounts`.`id_accounts_cat`)) order by `accounts`.`id`) */;

/*View structure for view    */

/*!50001 DROP TABLE IF EXISTS `  ` */;
/*!50001 DROP VIEW IF EXISTS `  ` */;

/*!50001 CREATE ALGORITHM=UNDEFINED DEFINER=`root`@`localhost` SQL SECURITY DEFINER VIEW `  ` AS (select `divisions`.`code` AS `code_1`,`divisions`.`name_address` AS `name_address`,`accounts`.`code` AS `code`,`limits`.`limit` AS `limit`,`n_currency`.`name` AS `name` from (((`divisions` join `accounts`) join `n_currency`) join `limits`) where ((`divisions`.`id` = `accounts`.`id_divisions`) and (`accounts`.`id` = `limits`.`id_accounts`) and (`n_currency`.`id` = `accounts`.`id_currency`)) order by `divisions`.`id`) */;

/*!40101 SET SQL_MODE=@OLD_SQL_MODE */;
/*!40014 SET FOREIGN_KEY_CHECKS=@OLD_FOREIGN_KEY_CHECKS */;
/*!40014 SET UNIQUE_CHECKS=@OLD_UNIQUE_CHECKS */;
/*!40111 SET SQL_NOTES=@OLD_SQL_NOTES */;
